month,day_of_week,crop_type,equipment_type,district_code,rain_chance,temp_c,demand_level
7,5,0,2,12,22.5,31.4,1
4,3,0,0,10,51.9,27.3,0
11,3,3,4,12,56.3,25.8,1
8,3,3,7,8,94.5,38.4,0
5,0,5,2,9,19.6,20.2,0
7,6,2,5,3,64.2,33.5,1
10,3,1,7,16,81.7,39.8,1
3,0,3,2,13,56.0,26.7,0
7,3,2,4,17,25.5,35.1,1
11,4,5,3,10,26.3,36.7,0
11,5,2,4,15,3.9,36.4,0
8,3,3,4,0,30.5,31.1,0
5,1,0,3,6,74.5,28.7,0
4,5,1,3,9,4.8,40.9,1
8,5,1,3,8,21.9,39.0,0
8,3,0,3,2,70.6,28.0,1
3,6,3,3,13,78.3,22.6,0
6,2,1,4,14,45.5,21.8,0
5,6,3,1,1,69.8,22.4,0
2,3,5,1,13,38.8,34.6,0
8,5,3,7,15,16.0,21.3,0
12,1,2,0,6,39.8,28.4,0
6,5,0,1,3,58.0,38.8,1
2,6,3,5,17,94.8,27.4,0
12,1,5,1,4,6.9,39.1,0
5,0,4,4,5,50.7,38.6,0
1,4,0,3,6,32.9,26.1,0
12,5,1,7,14,50.8,38.2,0
10,3,2,3,0,2.4,38.7,1
6,0,1,6,3,31.3,29.9,0
12,4,5,6,0,82.0,25.3,0
9,3,5,6,10,55.4,33.0,0
1,2,1,4,17,45.1,43.0,0
11,3,0,5,13,28.6,36.0,2
11,1,1,1,10,29.8,24.3,2
10,1,3,4,9,38.3,37.1,0
12,2,1,0,16,83.6,30.7,0
12,0,2,7,3,96.7,34.8,0
3,4,2,3,14,43.9,38.4,0
12,3,4,6,15,39.3,32.9,0
7,1,2,2,12,84.7,40.3,0
4,0,1,0,8,42.7,38.1,2
9,2,2,6,10,55.2,35.4,1
3,6,0,5,10,23.1,23.8,0
5,5,2,0,5,74.4,40.9,0
3,6,3,4,0,53.2,43.4,0
7,6,0,1,5,80.9,23.4,0
5,1,4,3,12,78.1,32.2,0
9,2,3,7,4,21.5,26.5,0
7,3,1,5,14,71.6,38.9,0
2,6,1,5,17,80.0,38.0,0
4,6,1,2,19,34.6,23.5,1
9,4,3,0,13,17.3,41.9,0
12,1,3,2,14,0.3,24.5,1
2,1,3,1,4,45.1,39.9,1
10,3,0,6,3,35.2,31.4,2
9,5,5,1,1,55.5,28.2,0
10,0,0,6,6,18.8,24.0,2
5,4,1,2,9,86.0,24.2,0
2,1,5,3,15,25.8,36.5,0
4,4,2,1,9,22.6,33.8,0
12,1,1,2,17,48.1,23.1,0
12,4,4,0,16,49.9,22.8,0
7,2,0,2,12,21.5,21.8,2
12,6,3,2,0,27.2,38.6,1
8,1,0,4,0,17.0,37.8,2
3,4,3,1,14,71.8,21.5,0
1,0,5,7,0,77.0,34.0,0
4,2,4,3,5,46.2,22.1,0
2,2,5,3,12,71.4,42.6,0
8,0,4,4,0,73.6,42.7,0
4,4,0,6,4,13.8,37.5,0
2,3,3,5,8,96.6,43.2,0
6,0,5,6,16,82.1,40.3,0
6,4,4,3,15,20.4,40.7,0
10,0,1,2,7,18.6,34.2,2
4,0,1,4,16,12.6,27.7,2
6,1,5,0,14,13.8,25.4,0
2,4,3,1,0,74.8,28.2,0
10,3,5,1,11,47.0,35.7,0
12,6,0,7,4,78.3,24.3,0
2,1,4,1,5,74.6,26.5,0
10,0,0,2,0,60.5,31.7,2
4,6,1,0,0,68.6,25.8,1
8,5,4,4,9,1.8,34.7,0
7,6,5,4,9,31.2,43.1,0
12,0,0,1,2,63.8,38.7,0
9,0,2,0,16,0.9,36.7,1
8,4,3,0,18,3.3,34.6,0
5,4,3,0,10,85.2,32.2,0
2,1,2,3,17,68.4,24.7,0
5,3,1,3,1,26.5,42.4,0
8,1,4,1,8,68.8,26.2,0
10,2,3,0,16,79.2,22.3,0
9,0,2,5,13,30.7,38.8,1
12,6,5,0,3,3.6,24.4,0
12,5,2,4,16,93.3,29.3,0
12,0,1,4,16,34.5,20.7,0
9,0,1,1,11,10.6,23.4,0
1,1,0,5,19,49.2,24.3,0
9,5,3,0,17,76.8,21.4,0
7,5,0,6,2,22.2,36.4,1
9,5,2,5,10,26.9,40.9,0
8,1,4,7,17,24.3,29.3,0
1,0,4,1,3,99.2,41.9,0
12,1,1,4,16,19.7,25.3,0
8,4,4,6,17,57.6,28.1,0
8,4,4,4,4,92.5,23.8,0
11,1,4,3,13,14.7,35.5,0
3,5,2,1,9,97.1,30.5,0
1,0,4,1,14,94.7,35.3,0
8,1,5,0,0,88.5,39.0,0
3,1,4,0,15,21.5,33.6,0
3,1,4,3,10,63.4,35.7,0
1,2,0,6,19,76.1,43.4,0
11,4,2,7,5,98.6,27.5,0
5,6,1,2,15,18.0,29.0,0
10,5,0,5,1,76.6,37.9,0
7,3,3,2,0,33.9,35.3,0
10,6,2,2,8,17.6,24.5,1
9,5,5,1,11,42.1,29.4,0
12,3,2,5,16,79.4,31.7,0
7,2,3,1,14,46.5,30.5,0
9,1,3,7,18,53.8,24.5,0
8,2,3,5,9,99.5,43.1,0
12,2,1,4,11,39.9,39.1,0
2,6,4,1,13,61.5,32.0,0
1,0,2,1,8,36.5,37.0,0
7,6,4,1,12,39.3,42.4,0
7,4,4,6,2,69.6,23.4,0
8,3,5,3,13,93.8,26.3,0
5,1,3,1,9,54.2,33.6,0
3,6,1,7,15,76.8,40.0,0
12,3,5,0,6,8.9,20.9,0
8,5,0,0,3,21.1,44.6,1
6,3,1,5,19,50.2,31.4,0
11,5,4,4,10,2.0,29.0,0
3,6,1,3,15,25.3,27.3,1
1,4,3,6,19,51.7,24.4,1
3,6,0,5,3,1.5,39.8,0
5,5,3,0,16,26.5,43.9,0
3,3,0,3,12,51.4,30.3,0
1,3,5,3,10,57.3,43.8,0
5,5,4,4,2,92.6,40.6,0
10,2,0,7,8,64.5,32.0,2
7,4,0,3,5,41.5,36.9,2
7,0,0,1,10,93.0,30.9,1
11,1,1,3,15,78.5,34.0,1
9,3,5,4,18,20.0,21.5,0
10,1,1,5,4,13.1,37.4,2
10,0,4,4,13,67.6,21.3,0
12,6,0,6,16,56.0,40.4,0
3,1,5,4,2,79.0,40.6,0
7,0,5,0,3,73.9,25.9,0
1,5,2,1,15,62.5,28.1,0
4,2,4,7,15,98.6,32.0,0
4,3,5,0,3,53.4,34.9,0
5,0,0,5,18,11.3,27.2,0
7,1,0,2,16,82.8,34.8,1
7,3,5,5,12,25.2,27.4,0
11,2,1,1,0,77.7,21.4,1
4,5,4,3,11,95.7,20.1,0
7,6,0,4,3,69.7,22.5,1
11,3,5,2,10,59.6,39.8,0
3,6,0,1,4,46.0,44.0,0
6,0,5,0,1,36.4,30.7,0
12,2,4,4,16,35.3,32.8,0
2,1,5,5,7,63.6,23.7,0
10,2,2,0,5,75.1,33.8,0
9,2,5,1,8,67.9,23.6,0
5,4,5,1,12,19.8,35.3,0
6,2,4,5,10,49.4,43.3,0
12,2,5,2,15,79.2,24.9,0
12,3,4,5,15,47.6,39.1,0
12,1,2,3,1,53.7,20.6,0
12,3,4,0,9,77.1,29.4,0
4,3,0,2,11,66.1,22.8,0
11,0,4,4,7,40.9,28.8,0
10,3,2,6,10,89.5,24.3,0
7,4,3,3,9,16.3,29.3,0
12,4,5,2,12,99.6,30.4,0
9,6,4,6,16,11.9,27.5,0
7,0,5,6,6,1.5,36.4,0
1,6,1,0,2,89.0,43.0,0
1,6,0,1,19,24.5,30.0,0
9,5,0,4,12,73.0,24.8,0
11,1,1,5,18,81.1,26.8,1
9,1,1,0,6,85.9,41.4,0
4,3,4,3,8,99.2,34.3,0
9,3,1,7,18,29.4,31.4,0
3,5,3,6,12,71.0,23.7,0
7,3,5,3,7,11.5,31.2,0
6,1,5,6,17,40.7,27.0,0
8,6,2,1,1,84.8,43.6,0
11,2,1,7,17,36.8,42.1,1
9,4,1,1,17,59.1,22.1,0
5,2,3,4,10,50.4,32.9,0
1,2,0,5,0,64.6,25.6,0
3,1,0,4,13,97.3,30.3,0
10,2,5,1,15,5.6,41.9,0
12,5,5,1,10,57.4,33.2,0
8,0,4,3,0,86.3,28.4,0
11,3,3,1,6,48.1,25.2,1
6,0,2,7,15,7.9,40.0,1
8,6,2,7,13,56.1,35.6,0
9,4,3,2,14,33.2,31.7,0
4,3,2,6,13,15.5,25.4,0
1,2,0,0,10,84.9,28.4,0
1,4,2,1,15,52.2,44.0,0
10,3,2,4,18,93.3,33.0,0
4,5,3,5,16,80.6,30.0,0
12,5,3,6,5,69.3,33.0,1
7,5,2,6,10,0.5,39.5,1
2,5,1,5,16,42.8,28.5,0
3,2,3,5,8,19.7,24.5,0
1,0,4,6,17,91.1,34.6,0
5,3,4,2,16,17.5,36.6,0
1,2,0,4,11,28.6,37.8,0
8,5,2,2,4,51.7,42.0,0
1,6,1,1,10,26.3,29.3,0
11,0,0,0,3,21.0,21.9,2
1,6,2,5,3,59.9,44.0,0
2,4,3,7,2,8.9,30.9,1
2,6,4,4,16,5.8,35.6,0
12,4,5,5,6,37.2,36.7,0
6,4,1,2,3,72.1,33.7,0
7,5,5,3,12,55.5,25.1,0
5,4,4,1,11,42.3,38.9,0
1,1,5,0,0,56.6,40.1,0
1,3,3,1,18,36.5,33.8,1
3,3,2,3,19,93.6,32.2,0
2,5,3,0,17,5.5,22.8,1
5,1,5,3,10,67.3,22.1,0
12,6,3,1,19,89.1,28.5,0
10,2,4,2,2,80.4,27.8,0
6,6,1,6,16,18.4,43.8,0
7,2,3,1,11,29.6,39.6,0
4,4,4,1,9,71.7,36.5,0
7,0,1,1,7,8.4,32.9,0
11,2,2,4,14,81.2,24.2,0
8,0,5,3,4,71.9,44.5,0
11,3,2,7,3,73.0,29.4,0
1,0,0,3,19,10.0,22.7,0
6,3,4,5,18,71.8,32.3,0
8,1,1,3,3,68.0,41.8,0
5,1,3,5,14,83.1,42.2,0
4,5,2,4,16,4.2,20.3,0
2,5,1,2,11,2.3,42.2,0
6,4,4,5,2,37.3,26.8,0
6,2,0,1,9,14.9,21.0,2
11,4,2,2,14,55.8,41.2,0
1,3,5,6,9,91.7,41.6,0
9,4,1,4,17,39.1,34.9,0
12,0,5,3,0,84.5,34.4,0
11,3,1,5,2,0.0,40.3,1
6,5,1,7,11,16.9,39.7,0
3,1,4,1,0,3.0,42.3,0
4,5,4,0,2,32.8,33.8,0
12,2,4,6,2,90.8,44.2,0
11,3,3,0,4,9.7,44.9,1
4,3,1,2,18,60.6,22.9,2
3,0,2,3,0,45.1,41.2,0
10,2,5,7,3,93.8,32.5,0
3,1,4,0,3,12.3,29.7,0
3,6,4,2,16,21.2,35.3,0
4,3,5,4,13,3.0,21.4,0
7,3,5,2,17,43.4,32.7,0
4,0,1,6,0,27.8,41.8,1
9,4,4,7,15,87.0,25.3,0
1,1,5,7,2,60.5,30.7,0
8,5,3,2,8,61.4,43.5,0
7,2,3,6,3,53.2,30.7,0
2,3,4,2,4,9.2,29.0,0
8,3,5,7,10,44.5,31.0,0
1,5,1,7,8,100.0,33.0,0
11,1,1,1,2,83.5,35.8,1
12,4,1,2,5,89.3,40.0,0
9,3,0,5,10,82.3,31.3,0
9,1,4,2,8,10.3,40.4,0
2,5,1,7,14,22.7,33.3,0
7,0,3,1,2,0.3,28.5,0
10,4,5,1,0,30.4,36.4,0
3,2,2,4,19,10.9,37.9,0
7,3,2,6,18,47.3,34.0,1
12,1,1,3,13,67.7,21.4,0
10,0,2,0,16,87.5,24.2,0
9,2,2,0,13,74.9,27.1,0
4,6,0,2,16,93.9,27.1,0
12,1,3,4,13,5.4,36.8,1
1,1,3,2,11,1.2,20.5,1
2,2,0,0,15,66.1,38.9,0
1,0,0,6,0,28.9,26.6,0
12,6,2,7,12,25.4,27.8,0
5,5,4,6,5,33.1,33.2,0
5,0,5,6,16,27.0,25.4,0
11,4,5,1,11,51.1,42.1,0
7,3,2,7,18,44.0,22.1,1
9,2,5,3,5,51.2,31.1,0
9,5,0,7,6,67.3,41.2,0
3,6,3,4,0,38.7,35.4,0
3,2,5,1,0,25.1,27.3,0
3,2,2,3,4,16.6,30.5,0
4,0,4,4,5,34.9,37.7,0
8,3,2,4,15,74.2,44.3,0
6,4,1,0,15,75.7,42.3,0
8,1,2,1,13,66.7,28.6,0
1,1,0,4,0,23.4,45.0,0
8,2,3,5,12,58.8,20.1,0
4,3,3,6,19,57.1,20.7,0
11,6,5,4,9,48.4,40.6,0
1,6,0,3,9,55.0,25.0,0
8,5,1,0,8,49.2,21.5,0
4,0,0,2,12,56.5,25.9,0
6,3,2,6,2,71.6,30.7,0
8,3,0,0,17,11.0,38.3,2
4,0,0,2,19,75.0,35.6,0
3,6,1,1,1,13.6,25.9,1
9,6,2,1,16,6.7,32.6,1
3,6,4,4,18,97.6,43.2,0
9,2,4,5,12,95.7,40.4,0
2,3,3,1,12,6.0,28.1,1
2,1,5,7,0,44.3,44.6,0
2,0,0,4,1,18.6,37.7,0
6,6,3,6,0,48.5,21.6,0
3,5,1,0,4,83.0,20.9,0
9,6,4,1,2,95.1,24.2,0
4,6,0,7,6,63.4,38.2,0
1,4,1,0,12,35.4,24.6,0
4,2,5,0,17,60.3,32.8,0
1,0,1,5,6,31.2,22.3,0
5,4,0,1,0,91.0,43.0,0
4,4,5,0,4,87.0,28.6,0
8,5,1,5,16,55.8,42.7,0
8,3,5,5,7,32.5,43.6,0
7,5,0,1,14,29.3,20.2,1
3,3,0,5,19,3.3,31.6,0
1,3,5,1,3,81.6,20.6,0
1,0,2,7,1,45.0,42.7,0
12,6,3,1,4,32.5,33.0,1
11,0,1,2,0,47.1,21.9,2
3,2,1,0,4,81.9,22.8,1
6,3,2,7,5,12.5,29.6,1
7,4,2,3,1,85.8,43.5,0
6,6,2,1,0,89.8,37.3,0
6,1,4,0,3,94.7,41.7,0
6,2,4,6,6,39.7,29.2,0
3,0,5,5,0,21.7,21.1,0
6,5,4,4,0,37.4,44.4,0
8,2,0,1,7,33.3,20.4,2
11,2,5,5,19,17.6,43.7,0
11,6,1,5,15,60.7,29.2,1
2,2,3,5,12,47.7,20.3,1
5,2,0,5,17,86.6,37.2,0
1,1,1,5,19,3.2,44.5,0
12,5,1,1,9,64.4,44.1,0
1,5,5,6,11,76.3,24.0,0
5,5,2,3,0,75.9,24.5,0
12,3,2,2,9,88.6,34.1,0
3,4,0,5,8,72.9,35.9,0
4,5,2,5,2,92.8,38.5,0
3,2,1,2,18,33.3,24.5,2
1,2,2,6,8,50.3,44.0,0
1,5,4,7,9,1.4,36.0,0
12,6,2,6,18,0.7,41.2,0
12,5,1,7,15,24.0,33.5,0
5,2,5,1,17,10.1,30.4,0
6,3,0,0,13,26.0,44.4,1
3,0,3,4,2,17.7,34.6,0
12,0,2,4,1,2.9,41.7,0
9,5,1,0,0,90.9,43.8,0
5,1,3,1,17,0.8,36.9,0
8,5,3,4,8,73.6,33.7,0
1,6,4,6,12,15.2,20.1,0
5,5,3,2,1,91.2,21.0,0
3,0,5,0,6,89.3,25.0,0
12,2,1,6,15,65.4,24.7,0
1,5,1,3,18,67.2,26.4,0
4,2,2,1,14,0.5,27.6,0
5,2,2,0,10,98.5,29.0,0
7,1,2,4,0,87.8,30.5,0
1,2,5,1,6,89.5,22.5,0
3,0,3,2,19,65.9,21.1,0
2,3,3,1,7,34.5,36.8,1
9,3,4,1,9,89.4,33.4,0
10,4,5,2,4,29.2,31.1,0
6,6,2,5,8,56.3,35.9,1
10,5,0,2,0,10.0,40.7,1
3,6,4,6,1,92.2,30.7,0
8,0,0,1,18,14.1,36.0,2
8,2,3,7,13,22.5,43.8,0
2,3,4,2,19,55.8,41.0,0
6,6,4,5,9,76.4,30.7,0
7,0,1,6,8,61.9,36.1,0
2,3,3,7,9,23.2,24.4,1
11,2,3,7,5,0.1,34.0,1
10,6,5,0,16,75.7,44.5,0
2,3,4,2,5,98.5,33.0,0
10,5,3,2,3,81.0,43.2,0
1,5,4,1,19,46.0,30.2,0
8,4,5,6,2,90.4,45.0,0
1,4,5,0,18,41.0,34.5,0
9,3,1,3,17,52.5,21.1,0
11,0,4,3,3,47.7,34.7,0
6,5,3,4,7,44.8,26.9,0
7,0,3,2,16,77.5,20.8,0
10,0,4,2,4,52.7,40.5,0
7,3,4,0,12,31.7,26.9,0
10,0,4,5,0,25.8,39.9,0
3,5,2,3,12,3.8,27.2,0
2,2,3,4,3,58.3,24.9,1
9,4,5,0,13,23.0,44.3,0
8,2,3,2,2,14.8,29.0,0
12,0,2,3,4,65.4,35.0,0
10,2,4,6,6,68.1,35.2,0
7,5,1,4,0,75.2,34.0,0
9,5,4,1,11,50.4,42.9,0
4,0,4,3,10,89.4,36.9,0
4,3,2,4,7,93.6,30.1,0
1,2,3,0,5,80.7,41.6,0
8,3,4,1,1,63.6,24.5,0
12,3,3,4,18,30.4,33.6,1
3,1,0,4,19,98.3,43.8,0
7,0,5,7,19,27.4,35.6,0
12,4,3,7,13,20.3,40.4,1
2,5,1,7,0,44.2,36.3,0
2,5,5,2,9,5.7,41.0,0
7,0,1,5,15,97.8,43.6,0
6,6,4,3,3,58.8,26.8,0
3,6,5,2,10,55.7,24.2,0
9,6,3,6,15,65.6,32.1,0
10,4,5,1,19,49.7,37.5,0
6,5,4,5,0,3.2,25.7,0
10,0,2,4,15,61.2,20.1,1
10,5,1,2,18,71.6,28.6,0
6,3,4,7,8,41.7,44.2,0
1,2,2,5,8,75.7,37.4,0
4,2,5,6,8,22.7,30.0,0
10,5,5,3,16,22.1,24.8,0
6,1,4,6,11,16.1,28.9,0
6,4,3,1,12,37.2,24.2,0
11,6,5,0,7,84.7,22.7,0
12,4,3,2,15,82.8,42.7,0
5,4,3,7,17,38.3,44.9,0
1,3,3,1,0,58.9,24.1,1
8,4,0,0,0,72.1,21.4,1
5,2,2,7,11,24.1,28.2,0
12,3,2,7,5,16.8,31.5,0
12,0,5,7,8,97.2,25.1,0
12,4,5,2,4,61.8,27.5,0
5,4,3,1,15,98.1,25.0,0
7,0,0,7,17,33.8,39.4,2
4,4,3,6,16,70.3,37.8,0
6,0,0,1,17,22.3,35.9,2
4,3,3,5,0,26.1,29.7,0
3,2,1,6,18,51.2,42.7,1
7,0,1,2,7,32.0,44.2,0
8,1,4,7,2,16.8,24.3,0
4,0,3,1,4,26.3,25.6,0
2,4,5,4,7,3.6,33.1,0
12,6,2,2,18,70.4,22.3,0
10,6,4,1,17,49.2,30.9,0
3,3,5,5,17,9.4,34.5,0
1,5,1,7,0,17.2,33.1,0
8,3,3,0,14,10.3,28.3,0
3,5,4,7,17,61.3,33.6,0
12,6,3,0,6,9.4,44.0,0
10,6,1,4,15,75.4,25.2,0
7,0,4,2,15,2.1,36.4,0
10,2,1,5,14,24.9,21.1,2
5,1,0,1,5,89.1,21.7,0
10,3,1,1,8,71.9,33.8,1
5,4,3,0,6,7.3,22.6,0
7,5,2,5,13,82.1,20.6,0
9,4,1,6,10,49.3,24.3,0
12,2,5,4,15,84.7,34.1,0
5,5,2,0,5,60.1,37.6,0
1,3,0,0,15,68.2,25.1,0
10,0,4,4,19,99.4,36.7,0
10,4,4,2,15,23.2,24.6,0
1,2,2,1,11,62.4,35.3,0
2,3,4,2,16,46.0,30.3,0
6,6,1,5,4,3.9,36.3,0
9,6,2,6,12,1.4,44.9,0
8,3,3,7,7,11.9,43.4,0
5,3,1,3,4,64.9,20.1,0
1,3,1,3,11,56.7,42.1,0
7,5,1,3,8,55.3,21.7,0
5,3,3,4,2,3.2,43.8,0
6,4,0,0,2,46.9,27.0,2
7,2,5,6,0,92.5,29.6,0
3,5,4,2,17,39.8,22.3,0
12,3,2,7,11,62.5,22.8,0
10,1,0,1,8,78.0,38.2,1
3,1,2,3,8,78.4,43.6,0
5,2,4,2,17,51.9,35.3,0
6,6,3,3,17,85.8,37.9,0
9,0,1,6,6,39.1,39.0,0
12,0,1,3,3,88.9,26.6,0
5,6,3,1,12,24.0,21.1,0
1,5,0,7,16,28.0,20.0,0
4,5,0,5,1,5.3,28.8,0
5,5,2,5,13,79.6,26.0,0
12,0,3,6,2,41.7,21.6,1
10,1,0,5,4,22.9,24.5,2
10,0,3,4,13,23.2,23.1,0
5,4,4,0,2,90.1,42.9,0
7,3,1,4,6,83.4,23.5,0
4,5,1,2,17,55.4,33.4,1
1,1,1,4,12,61.6,34.8,0
5,2,3,2,9,47.4,33.6,0
7,2,3,2,12,39.2,22.5,0
10,3,2,0,15,91.5,28.0,0
10,1,1,1,8,12.6,21.3,2
6,0,2,7,1,41.8,29.9,1
5,0,1,6,4,34.5,24.7,0
4,4,2,0,16,49.8,34.0,0
2,4,2,6,3,45.8,37.3,0
4,0,4,5,16,51.9,33.3,0
10,2,2,5,8,14.0,30.9,1
10,5,3,4,19,51.3,29.7,0
3,2,2,2,1,24.2,41.0,0
10,4,1,3,17,18.4,25.5,2
1,3,2,3,10,6.5,38.4,0
8,0,0,6,12,76.3,38.9,1
5,4,5,2,7,42.7,30.5,0
4,4,1,6,0,62.7,27.4,2
8,5,0,0,16,72.8,31.8,0
7,0,1,1,11,67.9,22.3,0
2,5,3,7,3,47.1,21.1,1
1,0,5,0,12,38.8,22.8,0
12,5,5,2,8,37.6,24.7,0
11,2,3,2,6,64.0,32.6,1
4,3,5,1,4,49.5,41.2,0
8,3,3,6,4,84.9,25.9,0
12,0,0,4,16,87.5,43.4,0
2,1,4,4,8,17.1,43.9,0
3,6,1,1,5,13.6,44.0,1
12,4,3,4,18,63.0,40.9,1
1,4,1,3,15,30.1,29.1,0
1,0,0,4,1,1.9,21.8,0
3,5,4,4,9,88.9,34.2,0
11,1,0,4,15,22.7,34.0,2
5,2,5,3,4,92.9,41.2,0
12,5,1,6,14,71.7,44.9,0
3,5,4,4,12,76.3,32.7,0
1,0,5,5,12,20.1,28.6,0
1,0,4,3,12,23.4,24.6,0
8,4,5,1,14,52.1,20.1,0
10,0,0,0,13,17.2,32.7,2
11,0,3,1,7,30.5,33.9,1
12,0,1,0,10,32.1,40.6,0
12,4,2,7,17,16.0,32.6,0
2,2,2,1,3,20.5,42.9,0
3,2,0,5,9,78.9,35.7,0
2,6,1,0,0,16.7,41.0,0
3,6,1,0,4,2.8,23.7,1
7,0,0,2,12,62.9,41.4,1
1,6,1,0,0,97.6,36.9,0
10,4,3,0,7,33.1,24.3,0
8,2,0,2,2,11.9,24.7,2
10,5,3,4,2,57.0,43.2,0
10,2,1,4,6,90.6,20.8,1
10,2,0,2,3,78.4,31.6,1
2,4,1,3,2,62.3,27.8,0
3,6,0,7,14,31.5,36.6,0
9,5,1,0,7,54.2,41.0,0
7,4,3,0,2,9.1,29.0,0
4,0,3,2,6,67.9,30.7,0
10,3,1,2,17,72.5,44.5,0
5,2,0,3,10,96.5,39.6,0
2,3,2,5,10,26.0,42.4,0
11,4,3,4,16,1.8,31.0,1
8,4,3,1,5,54.6,25.9,0
4,4,5,5,7,70.7,30.3,0
9,3,2,6,0,79.0,37.9,0
5,4,1,4,9,19.4,22.7,0
9,0,0,0,18,26.2,26.8,0
4,4,5,6,2,51.3,21.2,0
10,1,1,5,3,33.1,30.8,2
5,6,4,2,10,86.1,40.7,0
9,3,3,3,14,47.4,20.6,0
8,1,4,4,0,80.0,36.9,0
3,4,3,3,8,58.1,43.3,0
1,0,3,6,10,77.3,25.9,0
3,2,4,4,18,33.3,37.3,0
4,5,4,7,12,83.1,44.4,0
2,6,1,7,15,27.5,44.1,0
1,5,5,5,3,54.6,25.9,0
7,4,5,0,0,21.4,22.5,0
8,6,4,7,19,47.6,23.7,0
7,6,1,7,12,31.8,37.6,0
5,0,5,1,0,26.7,38.1,0
12,6,1,3,4,96.7,36.9,0
1,3,1,3,4,16.0,28.4,0
7,1,3,7,13,78.7,24.2,0
7,1,5,1,13,98.4,34.5,0
9,1,5,3,7,2.0,32.1,0
3,3,3,3,3,69.9,38.2,0
9,5,4,4,6,25.3,31.0,0
1,0,3,4,19,4.0,28.5,1
1,6,5,1,18,40.3,27.3,0
4,3,5,6,14,93.5,25.3,0
9,1,4,0,3,1.2,26.6,0
6,4,3,5,18,58.8,22.4,0
11,2,0,7,8,50.1,28.7,2
3,6,0,7,12,87.3,20.9,0
1,3,4,5,13,8.4,24.7,0
4,3,3,7,13,68.2,38.7,0
12,0,3,7,9,68.0,28.1,1
9,0,1,6,15,66.9,36.7,0
3,3,5,3,4,94.2,37.9,0
12,1,2,0,5,82.3,34.5,0
9,2,4,7,1,4.2,44.0,0
7,6,2,1,12,47.1,20.5,1
12,0,2,6,12,39.8,38.5,0
4,6,4,7,18,31.0,44.0,0
3,1,3,1,17,45.1,41.6,0
10,6,4,4,18,38.4,24.2,0
5,4,2,3,0,43.2,28.2,0
5,0,5,2,7,97.9,24.3,0
3,1,5,7,15,8.9,35.0,0
12,1,5,1,1,92.2,37.8,0
9,2,3,6,7,48.0,27.9,0
4,2,0,3,5,62.4,33.5,0
11,4,4,0,15,83.0,37.3,0
5,1,5,6,10,36.0,30.5,0
4,5,4,4,16,43.0,41.4,0
5,1,5,5,18,41.0,39.3,0
7,2,3,7,10,37.5,21.6,0
9,5,0,0,7,92.6,35.5,0
7,0,0,1,3,82.9,25.9,1
5,0,5,7,10,10.9,33.9,0
10,6,3,1,7,10.8,43.9,0
10,3,1,0,8,42.8,42.0,1
7,2,4,1,1,9.9,30.1,0
10,3,4,6,15,61.9,27.3,0
5,5,2,3,5,14.4,25.9,0
3,2,3,1,18,52.2,33.3,0
7,4,2,4,7,0.7,22.9,1
11,1,5,3,13,31.7,33.7,0
11,4,2,6,15,67.7,20.0,0
2,5,0,7,11,48.4,28.1,0
12,2,4,2,4,97.8,25.5,0
9,5,2,7,18,87.4,44.3,0
10,1,0,1,17,35.9,38.2,2
10,0,3,1,8,4.5,28.7,0
12,0,2,4,1,84.6,22.3,0
1,5,5,6,19,91.1,32.9,0
6,3,5,4,11,82.1,25.3,0
7,2,5,5,1,12.8,33.4,0
8,2,4,6,9,99.8,40.9,0
10,0,2,0,0,25.9,35.4,1
9,6,3,0,3,72.4,35.8,0
2,4,2,0,11,90.8,33.5,0
11,6,4,4,8,23.6,43.2,0
10,1,0,0,3,90.8,43.3,0
2,4,4,6,8,30.9,32.8,0
5,4,5,0,5,97.6,27.6,0
5,5,0,2,0,28.1,31.5,0
6,0,5,0,9,95.3,24.7,0
3,6,1,1,13,5.4,35.9,1
8,6,4,5,17,70.9,32.5,0
1,0,4,4,5,53.2,22.6,0
6,6,3,3,17,47.8,24.9,0
4,0,2,5,19,22.3,32.0,0
1,5,0,2,15,70.6,42.2,0
7,3,0,4,14,19.1,34.2,2
9,4,3,6,15,55.3,37.0,0
4,5,3,7,7,25.3,28.5,0
4,2,2,4,12,95.6,34.3,0
6,1,5,1,10,2.9,31.2,0
12,3,2,6,6,20.0,36.5,0
3,2,4,5,16,24.2,21.3,0
12,4,5,5,17,41.4,32.3,0
6,6,1,0,18,23.3,27.4,0
7,0,2,6,12,49.1,28.2,1
11,4,3,7,14,87.2,44.0,0
10,5,5,1,0,71.2,24.6,0
10,1,2,0,15,58.0,27.8,1
3,5,0,0,4,8.9,32.7,0
7,3,1,7,2,69.4,41.6,0
3,3,4,4,9,16.6,30.4,0
2,1,0,5,18,78.6,38.6,0
12,2,0,0,4,25.0,41.4,0
10,2,1,2,6,41.7,27.8,2
4,3,4,2,13,35.0,29.8,0
12,3,3,5,2,85.9,28.9,0
8,6,5,2,12,12.7,40.8,0
9,0,4,7,12,56.6,21.1,0
7,6,2,4,9,14.2,27.7,1
1,6,0,1,1,70.5,37.0,0
3,2,2,3,5,90.5,34.1,0
12,1,3,0,7,43.5,30.9,1
9,2,2,3,3,48.8,33.5,1
12,0,4,1,11,92.7,24.9,0
1,5,2,1,14,52.1,30.8,0
9,3,3,7,7,48.8,32.5,0
8,3,3,4,6,57.8,42.5,0
1,0,3,2,13,68.9,26.5,1
6,6,4,2,18,10.7,41.7,0
5,1,3,7,13,82.1,36.1,0
6,3,0,1,12,43.6,20.5,2
10,4,3,4,0,7.2,38.1,0
12,6,2,4,18,78.6,20.9,0
5,3,5,5,0,37.7,44.9,0
6,4,2,6,3,10.0,41.8,1
5,0,5,0,9,63.4,27.4,0
11,0,2,7,2,88.0,26.4,0
12,6,4,6,19,88.8,29.5,0
5,3,2,7,8,95.8,28.9,0
4,2,4,2,2,86.8,29.3,0
3,4,4,1,5,0.2,28.0,0
3,1,3,7,5,38.0,35.5,0
4,3,0,7,11,81.9,24.1,0
9,1,5,5,0,36.6,41.1,0
2,3,3,3,15,60.2,40.3,1
9,2,3,2,4,60.6,31.9,0
1,2,4,0,8,36.5,41.3,0
1,6,4,4,9,90.4,26.2,0
5,6,5,1,12,50.3,20.4,0
6,2,2,2,14,46.5,35.5,1
6,5,2,3,11,99.8,31.4,0
3,2,3,7,4,49.4,34.2,0
7,0,1,0,4,17.8,42.5,0
9,0,1,7,17,51.3,44.2,0
11,5,2,0,11,81.4,35.9,0
12,4,1,5,2,77.7,39.1,0
10,1,2,7,6,78.9,22.1,0
8,3,4,2,16,70.8,24.0,0
6,3,3,3,18,25.4,38.3,0
12,5,0,0,17,86.2,30.8,0
8,0,3,1,0,89.3,31.1,0
12,6,2,0,4,19.4,27.7,0
5,3,2,3,1,13.0,35.2,0
8,0,3,4,0,97.6,24.6,0
10,4,5,4,6,86.8,35.7,0
12,1,2,5,10,89.3,24.3,0
4,4,1,2,10,88.6,21.6,1
10,5,1,3,17,54.2,28.3,1
8,2,2,5,16,64.6,25.8,0
10,2,2,6,1,54.5,42.2,1
12,2,5,0,6,5.1,21.4,0
2,4,1,6,6,74.6,24.4,0
12,3,2,0,9,50.5,33.7,0
12,1,2,4,2,64.8,32.0,0
5,2,5,5,11,50.3,21.1,0
9,5,5,4,2,49.2,20.2,0
4,5,3,1,10,17.2,44.7,0
11,2,5,6,11,27.9,36.5,0
6,2,0,6,3,15.9,29.1,2
1,1,1,4,15,19.6,31.8,0
9,2,3,1,19,97.3,26.7,0
1,1,0,0,17,15.3,28.6,0
5,5,2,5,3,26.9,36.2,0
4,2,2,1,5,59.1,42.1,0
12,4,3,5,14,61.0,24.6,1
3,6,5,6,0,15.4,41.0,0
6,4,2,5,2,79.4,23.0,0
2,5,4,6,4,78.5,25.4,0
3,1,3,1,16,23.7,20.9,0
5,4,0,6,13,28.9,23.5,0
9,1,3,7,8,93.8,42.9,0
2,4,1,2,2,82.6,31.5,0
10,4,5,6,12,69.8,21.9,0
8,1,5,4,2,8.2,44.0,0
2,3,3,1,10,41.8,42.0,1
11,4,2,7,1,55.9,38.9,0
5,2,2,0,14,18.7,43.3,0
7,6,4,5,12,44.8,25.5,0
8,5,4,7,18,60.1,40.9,0
1,3,5,3,15,32.7,37.2,0
6,1,4,7,17,78.1,41.7,0
1,3,0,1,6,84.0,39.9,0
2,0,4,7,12,32.4,28.7,0
1,0,0,7,3,83.9,39.4,0
11,4,4,4,8,10.4,26.6,0
5,4,5,6,9,83.8,28.2,0
10,2,5,5,8,15.3,22.7,0
9,6,0,2,6,8.3,43.4,0
6,5,3,0,14,64.2,27.3,0
11,3,5,2,7,47.2,33.0,0
11,0,3,7,18,90.8,29.8,0
1,4,2,3,10,36.3,44.0,0
1,5,0,1,4,28.7,28.4,0
2,3,5,5,1,50.1,39.5,0
9,4,1,1,9,45.6,41.4,0
3,4,2,4,15,34.4,30.9,0
1,0,3,1,12,69.4,29.5,1
5,0,5,0,7,76.0,38.7,0
7,4,0,3,8,85.3,42.8,0
6,1,4,2,10,97.3,38.9,0
12,4,1,7,10,26.7,25.7,0
1,5,3,7,15,71.6,42.2,0
5,4,2,3,9,39.4,29.7,0
5,2,0,5,11,67.7,34.4,0
6,6,1,1,5,47.6,40.8,0
3,2,0,5,11,99.4,24.7,0
5,2,5,2,9,72.9,39.6,0
7,1,4,5,17,95.2,34.9,0
5,1,2,4,17,83.5,42.3,0
5,4,0,3,3,90.3,24.3,0
5,2,3,2,8,81.4,30.5,0
10,1,5,2,6,45.9,40.8,0
10,0,5,6,17,25.2,20.5,0
3,4,2,2,7,37.0,22.8,0
1,5,5,6,10,2.0,44.8,0
5,6,3,0,6,52.4,27.0,0
9,3,0,7,8,50.5,44.4,0
1,4,2,6,7,52.5,24.6,0
3,3,5,3,2,97.4,29.0,0
4,2,5,5,16,91.1,38.8,0
1,6,3,6,1,16.2,36.4,1
1,3,4,2,14,36.9,34.5,0
8,2,4,3,13,42.4,33.2,0
2,0,5,6,17,36.1,41.1,0
12,3,0,6,15,79.8,25.9,0
8,6,2,2,19,52.4,31.1,0
7,4,5,4,3,57.2,23.9,0
10,2,1,4,19,85.3,34.9,1
10,4,2,6,5,80.6,26.3,0
2,6,4,4,5,13.2,28.3,0
6,1,5,1,10,71.4,31.8,0
6,2,3,2,16,43.5,20.7,0
3,3,1,1,2,29.5,22.3,2
11,2,5,3,12,5.0,37.1,0
2,4,0,1,2,48.7,30.7,0
12,0,1,3,15,35.5,41.6,0
1,2,5,6,14,25.2,37.4,0
6,3,0,3,10,69.5,20.2,2
12,1,1,3,17,76.9,35.4,0
5,5,0,5,14,24.5,22.3,0
11,0,0,1,4,4.9,39.5,2
9,1,1,5,15,84.9,44.8,0
1,2,1,6,15,1.0,33.3,0
7,4,0,2,16,93.7,37.1,1
5,6,4,1,8,62.8,25.9,0
5,4,1,2,2,32.2,30.9,0
2,3,5,2,19,24.6,41.4,0
11,4,2,3,12,0.9,24.2,0
3,0,3,7,2,23.5,26.6,0
7,4,0,1,6,13.8,31.1,2
6,3,0,2,5,61.2,37.8,2
12,5,3,7,8,16.7,29.4,1
2,2,4,4,11,52.9,43.2,0
6,6,3,2,14,59.0,22.4,0
2,2,1,4,19,29.8,29.3,0
2,4,3,1,2,3.5,37.7,1
2,1,0,6,9,3.7,25.6,0
11,2,3,5,0,2.6,36.4,1
3,5,2,1,18,73.9,24.1,0
2,4,5,5,18,31.8,21.4,0
4,6,1,5,12,79.6,23.0,0
9,3,3,1,11,43.2,43.2,0
6,5,0,2,0,45.3,33.8,1
1,4,5,0,18,51.3,39.9,0
8,5,1,2,15,71.3,28.3,0
12,2,0,2,14,27.4,34.8,0
7,6,4,6,15,12.2,32.4,0
10,3,2,3,10,55.6,43.6,1
3,4,4,3,5,32.7,38.7,0
1,0,2,2,10,44.2,38.3,0
5,3,3,4,2,64.7,21.2,0
4,0,1,6,14,49.4,33.7,2
10,5,3,5,0,62.0,31.7,0
8,1,2,7,6,54.4,43.2,0
1,3,2,3,0,74.0,26.4,0
10,5,2,2,16,70.6,26.7,0
1,0,5,6,8,53.4,30.3,0
12,2,0,0,12,67.9,26.1,0
4,2,1,4,10,87.4,23.2,1
8,1,3,1,19,43.2,41.4,0
5,3,3,2,5,41.3,34.0,0
2,3,4,6,0,76.4,41.5,0
6,3,2,2,6,58.3,40.8,1
5,5,2,7,11,7.1,27.1,0
2,6,2,5,19,89.2,33.7,0
11,6,3,4,18,3.1,22.1,1
11,1,4,3,16,74.8,42.9,0
11,3,0,3,3,75.9,30.1,1
3,5,5,3,2,95.3,29.8,0
9,2,1,7,0,5.4,27.6,0
7,0,0,1,17,59.7,31.5,2
7,5,3,6,14,42.8,26.3,0
11,6,5,4,7,33.1,29.4,0
6,6,5,4,0,9.0,40.0,0
8,2,5,3,19,56.3,40.9,0
4,2,2,3,13,47.9,27.6,0
8,0,1,5,3,10.5,31.7,0
4,2,3,7,4,61.2,41.8,0
8,1,3,0,12,73.8,21.3,0
9,0,5,0,14,76.7,42.2,0
3,2,3,2,5,90.5,25.5,0
3,4,1,2,0,40.9,37.0,2
11,5,1,4,18,95.3,34.6,0
2,2,4,4,12,86.5,33.8,0
10,1,4,1,5,29.7,41.5,0
3,3,0,1,14,15.9,22.5,0
3,2,1,0,15,43.5,28.7,2
5,6,1,7,15,40.2,33.5,0
5,6,1,2,9,57.6,40.3,0
2,6,4,0,8,58.3,25.4,0
12,3,5,7,8,75.0,40.1,0
10,6,5,0,16,51.0,30.0,0
6,4,3,2,16,10.5,24.7,0
5,2,5,6,16,85.8,39.0,0
6,6,2,1,11,31.0,22.3,1
1,0,4,5,12,97.1,32.9,0
5,3,1,5,11,11.8,21.6,0
9,4,5,5,13,95.8,28.9,0
12,0,4,2,9,9.1,35.0,0
10,0,5,3,18,23.1,33.9,0
2,0,0,3,1,4.7,30.1,0
1,0,1,3,3,70.5,30.7,0
10,2,0,4,18,85.0,25.7,1
11,6,1,1,6,43.4,31.4,1
9,5,4,1,14,92.9,43.8,0
10,2,3,6,14,59.0,41.3,0
9,2,5,6,5,63.0,23.6,0
9,4,5,4,2,84.5,20.7,0
6,4,2,0,5,29.7,43.3,1
8,6,0,7,15,35.4,33.2,1
11,5,5,6,1,90.6,33.4,0
1,4,4,5,6,90.1,39.5,0
10,6,3,3,10,97.6,27.9,0
4,6,4,5,6,90.2,32.0,0
1,1,0,3,3,12.7,44.2,0
8,5,2,5,19,82.4,36.8,0
1,4,5,0,6,41.0,23.8,0
3,5,4,7,3,99.1,23.3,0
4,2,1,5,11,47.2,25.1,2
8,2,3,5,4,55.4,39.2,0
6,5,4,2,18,53.0,27.4,0
10,1,3,7,4,32.2,20.5,0
12,1,5,5,18,7.5,43.6,0
7,5,1,2,2,89.6,24.2,0
8,4,2,1,10,80.3,20.2,0
2,3,2,7,6,14.0,25.9,0
10,1,1,4,16,77.7,25.9,1
11,0,3,7,8,62.6,30.6,1
8,2,5,7,8,40.9,43.0,0
3,5,4,5,9,25.4,42.0,0
7,0,1,1,12,86.0,31.4,0
3,5,0,7,14,70.0,30.3,0
7,6,3,6,4,54.8,33.9,0
11,2,2,6,2,61.0,26.1,0
12,2,1,2,7,9.1,21.3,0
2,1,2,5,19,47.4,43.5,0
10,1,3,5,9,19.4,24.7,0
6,0,2,7,12,20.8,25.0,1
3,6,1,0,2,66.1,31.8,1
3,5,3,1,7,91.1,32.3,0
9,6,0,3,8,40.4,20.5,0
7,2,1,3,11,20.8,23.7,0
5,0,4,0,10,64.9,29.5,0
12,3,5,2,1,87.1,37.1,0
10,0,1,3,17,74.8,25.7,1
7,4,3,7,8,86.9,30.6,0
9,0,5,3,1,53.7,33.9,0
1,6,1,6,1,75.2,42.2,0
7,4,0,6,2,14.0,28.2,2
6,4,0,4,15,34.8,23.3,2
10,4,4,1,18,39.0,32.2,0
12,3,2,2,3,51.1,38.7,0
9,0,5,5,17,92.9,22.7,0
1,6,3,1,19,87.4,30.6,0
4,0,3,2,17,13.5,20.4,0
9,3,2,3,9,17.3,20.8,1
4,2,0,4,10,35.8,32.1,0
10,1,0,1,16,29.1,27.5,2
3,6,1,3,19,61.5,41.1,1
9,6,4,2,15,90.3,35.1,0
2,0,5,1,19,96.2,31.3,0
4,1,4,5,12,65.4,30.2,0
6,5,4,1,1,83.8,32.4,0
2,5,1,3,1,52.5,21.0,0
8,3,4,7,13,20.8,42.3,0
8,5,2,7,3,52.5,45.0,0
1,6,1,1,16,55.5,24.5,0
12,5,2,5,12,74.2,23.0,0
3,2,1,4,3,22.0,23.6,2
10,2,4,4,2,36.8,36.5,0
9,2,2,7,11,36.4,36.5,1
5,5,2,3,7,95.9,41.2,0
6,3,2,2,1,44.4,38.8,1
4,4,1,3,5,75.5,31.2,1
10,4,3,4,9,75.1,35.3,0
2,1,4,0,11,26.6,37.2,0
11,4,2,0,9,57.2,32.8,0
8,4,5,1,9,89.4,31.9,0
11,2,3,5,2,47.5,36.1,1
6,2,5,7,19,94.5,33.9,0
5,5,4,6,9,21.4,36.1,0
9,1,4,6,8,7.4,35.3,0
1,0,2,6,19,89.1,38.0,0
5,6,2,1,18,84.8,36.1,0
6,1,1,0,13,99.3,33.0,0
5,1,3,4,1,67.9,37.0,0
6,3,3,1,4,93.7,31.2,0
6,5,2,6,19,82.7,26.0,0
7,3,4,6,7,84.4,20.0,0
4,1,2,7,6,56.9,34.0,0
11,1,4,3,5,38.2,34.8,0
8,1,4,6,10,93.5,44.3,0
7,4,2,5,11,43.2,29.0,1
9,6,0,6,17,53.9,29.9,0
7,6,3,3,18,44.6,25.0,0
3,3,5,6,9,56.5,21.8,0
3,1,4,5,13,47.1,39.3,0
8,6,4,4,2,4.8,26.2,0
5,2,0,1,17,88.2,35.2,0
4,6,5,5,14,44.4,37.2,0
8,5,1,3,5,58.9,31.8,0
6,5,0,1,9,13.9,41.9,1
2,6,5,1,11,0.3,31.1,0
4,2,0,3,6,24.5,27.1,0
12,5,4,7,16,70.5,42.4,0
11,4,3,0,0,9.9,41.5,1
4,6,0,6,17,90.9,24.1,0
6,4,1,5,14,21.5,20.6,0
6,6,2,3,18,20.5,22.2,1
1,0,5,4,0,18.2,27.2,0
8,0,0,2,4,1.4,44.3,1
6,0,0,3,14,77.2,34.0,1
3,5,1,6,2,87.5,29.3,0
9,4,3,6,0,61.4,42.2,0
2,4,0,1,7,18.8,31.3,0
11,4,0,1,11,28.5,27.9,2
8,2,3,3,18,47.6,43.5,0
10,4,1,2,11,95.4,41.2,0
3,2,5,7,12,24.7,41.1,0
12,0,5,3,0,73.2,32.8,0
5,0,0,2,18,43.9,39.7,0
6,5,3,7,5,29.8,24.5,0
10,6,0,2,7,45.6,34.3,1
6,0,2,6,3,7.1,44.6,1
4,6,5,6,4,79.9,27.3,0
3,6,4,6,6,24.3,39.9,0
4,5,2,4,3,72.5,32.3,0
1,1,0,6,19,6.8,21.0,0
4,1,1,5,3,95.5,39.1,1
1,3,5,1,14,19.3,24.2,0
12,5,4,1,4,88.3,35.8,0
1,3,2,2,8,80.9,22.1,0
10,3,5,1,1,96.8,43.7,0
6,1,3,0,6,47.8,27.3,0
5,5,1,7,16,72.7,25.7,0
11,1,2,2,15,37.1,23.2,0
4,3,3,1,16,18.4,43.7,0
11,5,0,0,19,44.3,37.8,1
3,3,3,7,1,16.6,38.5,0
1,4,2,4,10,98.2,32.5,0
6,6,2,1,1,9.6,31.9,1
2,5,0,0,0,58.9,22.8,0
8,5,3,3,1,62.6,34.0,0
10,6,3,5,8,53.8,26.2,0
5,3,0,3,1,66.2,44.4,0
7,4,3,0,14,11.6,39.9,0
10,2,5,2,9,55.5,30.3,0
12,6,0,6,14,28.7,23.8,0
2,1,1,6,9,94.0,39.6,0
8,3,2,6,16,76.2,23.1,0
2,6,1,7,8,97.3,24.7,0
4,6,5,2,17,3.8,25.3,0
1,5,5,7,3,28.5,33.9,0
5,1,4,1,8,19.5,39.7,0
9,1,4,6,15,1.1,27.9,0
1,1,4,3,3,24.2,22.1,0
9,6,0,2,15,67.9,31.6,0
11,2,3,2,18,23.1,38.7,1
8,0,5,6,0,50.9,25.5,0
6,3,1,3,5,88.8,25.5,0
7,0,1,4,9,69.4,43.7,0
3,6,1,2,15,39.5,43.9,1
1,0,1,6,3,37.2,44.8,0
5,6,4,5,12,45.6,40.2,0
12,0,1,0,15,17.7,24.7,0
12,1,3,7,19,63.4,25.3,1
2,4,4,1,5,36.4,28.5,0
5,1,1,2,10,85.2,28.0,0
8,1,0,5,2,75.7,43.9,0
11,5,2,5,19,61.1,39.7,0
9,5,2,2,9,36.4,38.1,1
2,0,2,4,0,21.0,24.6,0
12,6,4,0,19,77.6,42.7,0
3,1,1,1,10,48.6,40.7,1
3,0,5,2,11,22.5,24.1,0
1,5,5,7,13,19.5,41.8,0
8,4,5,1,7,16.5,26.8,0
6,3,4,3,10,77.7,22.0,0
12,0,3,5,3,22.9,36.4,1
8,4,0,5,6,52.7,36.3,2
11,3,0,2,9,45.2,22.4,2
9,2,2,2,18,58.0,28.0,1
5,0,2,7,3,87.7,44.8,0
12,0,5,3,1,86.8,37.0,0
3,2,5,4,17,45.1,38.3,0
5,2,2,2,13,1.5,25.3,0
5,0,1,5,15,42.6,22.0,0
5,2,3,1,10,60.6,26.9,0
3,1,3,0,9,55.8,26.2,0
11,3,3,6,16,65.1,25.9,1
10,3,3,1,13,15.4,24.8,0
4,3,2,4,3,64.7,34.4,0
9,1,0,0,18,18.3,28.2,0
10,6,2,1,1,75.1,40.5,0
9,2,3,1,6,33.9,24.6,0
2,4,2,3,8,71.0,31.6,0
8,2,3,6,18,4.8,20.3,0
8,0,4,7,15,40.8,32.0,0
7,5,5,4,15,70.5,21.4,0
8,3,0,5,17,22.7,44.4,1
3,2,4,3,10,79.5,39.8,0
6,4,1,0,6,63.1,32.3,0
1,0,2,6,8,58.8,22.2,0
7,1,1,5,3,35.4,34.8,0
1,6,2,3,12,48.2,39.0,0
9,1,5,6,3,59.7,24.8,0
1,4,4,7,18,47.2,34.2,0
1,0,5,4,1,69.8,40.4,0
7,3,3,2,8,43.4,39.2,0
2,2,5,7,11,20.2,40.1,0
5,0,5,2,1,21.4,42.0,0
8,6,3,0,5,0.6,43.4,0
8,1,2,2,4,30.1,30.1,0
3,6,3,3,4,74.9,34.2,0
7,6,4,0,19,79.4,39.8,0
3,4,5,5,4,20.2,37.4,0
6,4,3,7,3,95.9,44.9,0
6,2,5,7,8,50.2,20.3,0
3,4,4,4,9,91.7,28.9,0
7,4,1,0,15,70.7,27.0,0
3,0,4,5,9,72.2,26.6,0
8,3,0,7,9,8.5,25.6,2
10,2,0,0,18,22.0,37.7,2
4,0,0,1,9,0.9,22.1,0
1,3,5,1,5,71.6,38.5,0
4,6,2,0,16,34.4,37.3,0
7,0,2,7,4,78.7,26.3,0
11,5,2,6,5,33.9,26.3,0
4,0,5,2,14,81.9,35.7,0
6,4,4,1,18,13.1,39.1,0
9,3,2,6,17,17.3,41.9,1
1,2,1,6,3,34.1,41.3,0
5,2,0,4,7,40.8,44.1,0
11,3,4,5,15,34.9,34.5,0
7,4,0,3,18,76.4,42.7,0
1,1,2,1,19,9.7,40.2,0
4,0,4,0,2,35.1,42.4,0
6,4,3,2,9,83.7,20.3,0
2,5,1,3,1,6.7,44.1,0
10,6,2,5,3,94.2,31.8,0
5,3,2,6,5,98.6,40.0,0
11,0,1,5,10,8.9,23.2,2
10,2,1,7,13,29.1,29.9,2
1,6,3,1,15,37.2,26.8,1
6,1,2,5,18,77.6,27.3,0
6,5,5,5,1,59.6,23.1,0
4,2,2,2,16,64.4,40.1,0
8,3,0,7,8,75.8,20.2,1
4,0,4,7,16,11.8,27.8,0
8,3,4,6,14,83.3,24.4,0
8,6,0,2,6,70.6,34.7,0
5,0,4,2,18,57.7,26.4,0
4,4,1,0,2,89.0,26.5,1
12,1,4,5,0,70.0,32.2,0
2,4,4,5,3,20.2,36.3,0
11,4,0,7,17,43.0,23.0,2
3,3,3,5,7,49.4,24.4,0
3,6,4,4,18,5.5,26.2,0
4,1,5,2,5,95.5,44.3,0
4,0,4,3,0,12.9,29.9,0
10,0,3,7,7,69.7,35.0,0
11,5,0,1,0,50.6,26.0,1
11,2,3,7,18,2.6,32.3,1
5,5,0,6,10,92.5,21.9,0
4,5,1,3,14,85.2,20.9,0
11,0,0,6,10,52.4,31.7,2
10,3,1,0,18,22.9,30.0,2
8,4,1,0,9,12.2,23.4,0
6,6,0,6,11,36.3,37.2,1
6,4,5,5,0,25.5,44.8,0
8,4,2,3,6,50.7,29.9,0
7,1,0,5,16,96.6,35.6,1
10,0,4,7,9,57.5,44.1,0
11,6,5,4,5,89.0,40.8,0
12,3,5,0,16,65.1,31.6,0
10,1,4,0,17,47.5,38.4,0
8,2,2,3,4,85.5,23.2,0
2,3,5,0,17,47.1,32.8,0
9,5,1,4,16,86.9,27.0,0
1,3,2,4,15,29.2,24.0,0
8,3,4,4,7,12.9,30.7,0
12,4,2,1,12,85.5,23.3,0
11,3,0,4,15,58.7,37.5,2
12,5,2,4,10,88.9,31.4,0
12,5,1,1,5,93.8,33.3,0
4,0,0,5,2,5.4,23.7,0
4,3,3,7,0,50.1,23.5,0
5,4,4,2,17,37.5,34.6,0
8,3,4,0,4,62.6,44.6,0
5,2,2,4,12,79.4,22.4,0
8,2,5,0,9,28.1,27.1,0
10,4,0,3,4,55.7,41.7,1
1,0,3,0,13,70.9,21.8,0
12,0,0,6,16,13.4,41.9,0
10,5,4,5,0,81.4,33.1,0
9,5,0,7,1,60.6,30.2,0
6,1,3,1,6,95.0,27.7,0
3,4,5,0,9,34.0,27.4,0
8,3,2,0,19,10.8,27.6,0
9,6,1,0,6,50.7,42.1,0
6,4,0,2,15,8.6,38.1,2
11,1,1,2,4,97.0,36.7,1
7,5,4,3,11,3.9,40.0,0
1,4,2,1,16,75.4,26.4,0
5,4,2,0,15,52.5,35.5,0
5,5,0,0,19,36.9,31.5,0
10,1,5,0,15,6.6,39.6,0
4,5,2,0,18,62.2,27.7,0
6,0,0,2,14,58.5,36.1,2
7,3,0,5,11,28.1,42.1,1
9,5,1,5,9,91.0,30.1,0
1,1,2,3,1,30.4,21.7,0
6,2,0,6,6,45.0,32.9,2
7,0,1,4,12,54.4,28.6,0
3,2,3,1,2,10.0,36.8,0
8,6,1,5,14,93.2,43.8,0
5,5,1,6,0,37.5,32.1,0
9,0,0,7,2,8.1,31.7,0
5,3,4,7,9,38.7,36.4,0
9,5,4,0,14,60.0,22.6,0
10,3,5,7,5,51.4,26.3,0
4,4,4,5,19,69.5,43.0,0
9,2,1,3,14,5.5,36.7,0
5,0,5,4,6,28.5,20.3,0
10,3,0,5,4,81.9,25.1,1
9,1,2,3,3,8.0,37.1,1
3,3,1,7,17,85.5,39.1,1
4,1,1,2,2,9.2,41.0,1
9,5,5,4,16,83.4,27.3,0
10,0,0,3,17,36.1,43.3,1
11,3,3,6,17,61.2,33.8,1
6,6,1,5,1,15.3,37.4,0
2,3,3,2,12,6.6,34.9,1
7,6,3,6,14,21.6,23.1,0
2,0,4,3,4,12.8,44.1,0
11,3,0,3,2,31.2,23.1,2
2,1,3,7,4,51.4,26.4,1
11,3,0,6,4,58.9,40.3,1
1,2,4,5,4,79.0,35.5,0
11,5,0,4,2,65.6,41.0,1
11,4,1,2,2,60.9,32.9,2
12,1,3,7,19,41.2,29.4,1
11,2,0,0,17,47.4,43.0,1
3,6,2,1,19,41.5,20.9,0
6,5,0,4,3,84.2,41.4,0
8,0,3,7,0,23.0,25.8,0
9,1,4,2,15,0.6,41.2,0
7,4,4,6,7,65.1,23.5,0
4,5,3,3,16,20.2,34.5,0
6,6,1,6,7,89.0,42.2,0
5,4,1,7,6,85.9,31.8,0
8,0,4,2,7,7.7,38.7,0
1,0,4,6,11,10.6,40.1,0
1,6,3,6,15,49.5,38.4,1
11,1,1,1,11,60.9,43.1,1
6,6,4,5,18,27.5,31.2,0
10,3,1,7,9,71.7,24.3,1
12,0,4,1,6,59.5,21.2,0
2,5,0,7,11,32.5,26.2,0
5,3,2,0,19,2.5,23.6,0
1,2,5,0,4,75.0,33.9,0
7,4,0,1,15,21.5,24.6,2
1,3,5,4,8,83.4,21.0,0
4,4,4,4,6,42.0,20.9,0
9,6,2,6,19,57.7,40.8,0
1,3,2,6,13,87.3,34.8,0
4,6,4,3,10,86.4,29.0,0
6,2,4,0,6,37.2,42.4,0
6,0,1,7,9,20.9,21.8,0
12,2,4,3,8,77.5,44.5,0
8,0,3,0,3,43.3,35.4,0
1,6,4,1,15,19.2,24.6,0
7,0,3,4,9,90.4,37.0,0
1,4,4,6,18,19.8,39.1,0
7,5,1,4,16,2.6,30.7,0
3,2,3,1,8,2.0,41.5,0
11,3,0,3,12,62.2,23.8,2
8,2,3,3,0,66.2,27.0,0
3,4,1,2,1,31.1,22.3,2
1,0,5,6,12,32.0,25.3,0
8,4,3,6,8,33.9,26.0,0
3,1,4,7,6,68.0,42.9,0
2,1,4,6,15,5.8,22.0,0
1,3,5,0,18,92.9,30.7,0
3,4,1,3,6,22.3,33.3,2
2,6,2,1,5,100.0,42.5,0
2,3,4,3,17,17.2,44.9,0
6,6,0,4,18,77.2,38.8,0
12,3,1,0,10,22.3,44.3,0
1,1,3,6,11,8.1,39.7,1
2,3,3,7,9,87.5,44.1,0
6,1,0,7,12,85.9,37.7,1
3,0,4,7,11,40.4,22.0,0
4,6,1,5,9,70.2,30.0,0
1,4,0,2,19,55.7,36.2,0
8,3,4,0,17,85.3,28.8,0
7,1,1,4,3,31.5,26.8,0
7,2,3,6,4,52.4,34.4,0
3,6,1,4,4,48.5,43.3,1
10,3,5,4,11,35.4,20.9,0
10,5,2,6,2,89.1,39.2,0
3,0,1,4,7,16.6,38.1,2
2,0,2,7,1,15.0,44.1,0
12,2,1,1,17,57.7,43.3,0
1,1,2,2,8,65.7,39.1,0
7,3,5,5,12,19.5,33.0,0
7,6,3,4,6,39.1,25.1,0
12,1,4,4,9,94.7,33.6,0
2,0,2,3,8,24.7,39.1,0
7,1,5,2,14,66.8,42.4,0
8,0,2,0,4,74.0,39.7,0
1,1,3,2,11,44.8,24.9,1
9,2,2,2,0,93.8,35.0,0
7,4,5,6,11,73.7,28.3,0
3,2,5,6,5,45.8,20.2,0
8,2,0,6,18,56.9,25.0,2
7,4,3,5,18,69.3,22.8,0
11,4,0,7,15,59.2,41.1,1
8,3,3,2,18,87.9,26.5,0
6,6,2,5,2,35.7,27.1,1
9,6,5,4,9,30.0,44.0,0
5,3,0,6,17,21.4,29.5,0
3,2,2,4,12,3.8,20.2,0
3,2,5,6,17,4.3,27.1,0
1,0,3,1,2,87.0,23.0,0
12,0,5,5,2,67.8,22.6,0
8,6,2,5,11,66.1,21.9,0
2,3,0,7,19,61.5,34.8,0
3,5,0,0,6,84.9,24.7,0
8,5,5,3,7,48.0,29.0,0
8,3,2,2,8,87.0,41.6,0
11,0,1,0,13,35.9,30.6,2
4,6,3,5,4,92.7,42.9,0
4,6,3,0,18,69.9,32.4,0
5,0,2,1,15,25.7,30.0,0
6,5,1,3,11,56.4,38.8,0
5,1,0,7,3,53.3,21.8,0
7,1,4,5,7,13.8,22.2,0
2,0,4,5,6,59.1,36.3,0
7,1,2,2,14,31.5,32.2,1
10,4,1,7,5,5.2,39.8,2
7,3,1,7,4,94.9,42.9,0
1,3,3,6,13,64.1,29.7,1
7,0,0,3,12,87.7,34.9,1
5,2,5,1,9,67.6,32.5,0
3,5,1,4,17,35.7,44.5,1
3,0,5,0,3,51.3,40.8,0
4,1,4,7,7,67.6,42.8,0
12,5,5,2,10,96.0,26.4,0
2,2,0,5,16,25.4,39.3,0
2,1,0,4,17,87.5,26.6,0
1,6,5,1,10,92.4,25.2,0
5,4,2,3,15,67.0,43.6,0
4,1,1,7,11,93.1,20.5,1
11,4,2,0,12,39.8,44.1,0
10,5,5,7,15,95.3,23.7,0
2,4,1,2,0,70.3,40.5,0
3,5,3,7,15,4.2,26.9,0
7,5,2,7,14,90.7,28.8,0
7,5,2,7,5,48.4,25.4,1
12,5,5,5,11,46.0,34.6,0
4,5,4,5,7,56.6,28.7,0
5,1,5,4,6,14.9,36.4,0
5,5,2,4,1,46.9,20.4,0
6,1,1,0,11,83.1,21.6,0
9,5,4,3,13,1.5,22.5,0
2,4,5,1,15,27.3,30.5,0
5,6,5,6,10,0.2,40.4,0
12,5,2,3,19,41.6,42.2,0
3,2,2,3,8,72.8,26.1,0
4,5,3,3,9,79.9,34.4,0
10,5,5,6,16,94.5,39.2,0
6,4,2,0,11,60.9,27.2,1
12,3,0,6,5,25.5,30.2,0
8,4,4,0,18,92.4,33.1,0
1,2,0,6,10,77.5,23.4,0
10,3,4,1,8,57.4,20.6,0
8,0,5,7,5,69.6,23.8,0
11,0,3,3,15,92.4,35.7,0
7,2,2,7,19,71.2,21.8,0
1,4,2,0,15,36.8,24.7,0
2,1,2,6,5,71.3,28.4,0
3,2,5,1,4,4.0,21.9,0
1,6,4,6,3,38.6,24.8,0
9,3,2,7,1,40.6,42.8,1
8,3,0,5,5,16.7,20.5,2
2,5,2,1,8,2.3,36.3,0
9,0,5,3,16,13.3,29.6,0
7,3,3,2,13,65.5,36.8,0
9,2,0,3,6,80.2,34.7,0
6,3,2,2,18,98.8,25.6,0
6,2,2,1,0,34.6,41.2,1
11,1,1,5,19,59.9,32.3,2
4,5,4,7,14,93.7,40.6,0
10,0,0,5,17,16.7,30.2,2
10,3,1,0,2,71.8,44.6,0
2,2,3,5,17,75.5,39.3,0
7,4,4,4,1,8.9,44.1,0
5,0,0,1,9,86.1,32.9,0
11,1,2,7,10,81.3,31.8,0
6,2,0,7,2,3.3,38.9,2
2,6,2,0,6,9.1,42.0,0
5,6,4,7,7,4.9,44.1,0
10,5,2,5,18,33.5,28.1,1
4,5,3,1,17,50.9,40.0,0
9,1,5,3,12,53.2,25.3,0
6,1,2,5,12,26.8,33.6,1
2,5,3,6,18,91.2,24.5,0
1,3,5,2,11,36.8,28.7,0
5,3,4,1,16,4.6,43.3,0
9,2,4,7,11,30.0,23.7,0
6,4,0,0,12,53.1,35.8,2
10,2,3,3,11,40.8,34.8,0
12,4,3,4,18,27.4,23.0,1
7,1,1,3,13,13.1,28.1,0
5,0,1,5,6,81.9,34.1,0
10,2,5,2,12,99.6,24.7,0
6,2,5,3,5,33.0,40.0,0
5,4,1,4,18,38.2,44.3,0
11,1,5,6,18,61.8,25.4,0
9,1,2,0,3,71.8,24.7,0
6,6,1,1,18,39.2,31.4,0
11,4,3,2,8,90.5,38.7,0
8,1,2,4,15,56.0,27.0,0
2,5,5,7,3,45.0,20.5,0
12,3,4,5,5,64.7,33.5,0
9,6,0,5,7,95.3,43.9,0
5,5,1,5,15,79.5,29.8,0
7,0,4,7,4,4.0,30.5,0
10,2,5,7,9,33.2,44.2,0
1,6,3,2,12,47.1,37.4,1
10,0,0,3,13,31.5,38.0,2
5,2,4,2,6,70.0,34.1,0
12,3,0,5,19,82.6,44.4,0
10,1,1,6,5,73.1,37.2,1
2,5,5,4,6,98.9,42.4,0
12,4,3,1,4,27.3,37.5,1
6,5,5,1,17,87.5,38.4,0
11,3,0,2,11,76.7,27.3,1
1,0,4,5,5,36.2,27.6,0
3,4,1,7,0,73.4,39.6,1
5,1,1,0,3,10.4,27.4,0
4,3,5,6,18,78.9,34.1,0
3,4,4,2,11,53.2,26.2,0
10,3,4,5,14,29.2,40.4,0
5,3,0,3,2,65.6,22.8,0
11,1,5,1,19,64.2,40.7,0
8,6,5,1,7,20.9,35.1,0
11,2,2,6,10,3.0,24.7,0
4,4,5,1,15,43.4,33.6,0
1,1,1,0,8,57.0,27.1,0
11,3,0,5,2,87.7,28.1,1
7,1,4,5,4,92.8,28.8,0
8,6,5,6,19,52.9,21.6,0
3,2,0,5,13,75.4,44.6,0
6,5,5,7,14,43.9,20.8,0
2,4,4,6,5,74.6,36.6,0
7,2,3,5,3,20.5,29.3,0
8,0,4,0,7,37.1,36.2,0
6,4,4,4,18,63.4,28.9,0
6,2,4,2,4,1.8,36.8,0
5,3,5,2,12,72.2,38.2,0
8,4,2,5,15,83.6,37.3,0
1,4,4,3,0,39.9,22.8,0
10,1,1,1,12,44.8,36.4,2
4,3,1,0,10,85.1,27.0,1
4,0,0,3,7,77.6,20.7,0
3,5,2,7,7,28.8,30.4,0
3,6,0,3,13,32.4,30.8,0
4,2,1,5,12,67.9,31.7,2
11,1,1,0,2,56.3,37.6,2
1,2,3,2,3,16.2,27.7,1
11,0,4,1,19,31.0,27.9,0
11,0,1,2,14,90.0,21.5,1
2,4,5,3,14,68.8,37.2,0
9,6,5,7,12,98.6,34.2,0
10,0,0,1,8,76.7,28.7,1
2,2,0,4,9,94.2,37.6,0
5,3,4,3,11,21.6,33.4,0
9,3,4,2,13,77.1,31.7,0
9,4,3,2,0,2.0,32.8,0
8,5,2,5,13,67.1,35.9,0
1,2,0,2,13,46.9,36.5,0
1,2,4,0,7,34.7,27.2,0
9,0,0,3,15,86.2,23.5,0
11,6,4,6,13,85.4,23.9,0
8,2,1,6,0,2.2,36.0,0
10,1,0,7,15,61.0,41.8,1
9,5,1,1,17,36.8,30.2,0
7,0,0,2,6,41.6,24.2,2
3,1,2,5,14,83.2,38.9,0
3,4,3,5,16,31.0,40.8,0
2,3,5,2,18,94.3,42.0,0
5,4,5,0,12,18.0,35.2,0
12,3,5,5,8,66.3,41.5,0
12,4,1,6,14,67.2,20.4,0
3,2,4,1,2,25.2,22.7,0
6,1,5,3,0,32.5,22.3,0
2,3,2,4,15,83.5,37.8,0
12,0,5,0,7,76.2,21.7,0
3,1,0,7,12,32.9,32.4,0
5,0,1,7,7,53.4,31.8,0
12,1,0,5,16,6.2,27.8,0
11,1,0,3,13,20.9,41.8,1
11,4,0,4,6,48.6,24.3,2
1,3,3,7,14,8.6,28.8,1
1,3,3,2,15,84.3,39.4,0
10,6,4,2,18,71.8,20.8,0
9,1,1,1,5,94.4,36.8,0
7,2,2,4,0,69.3,40.4,1
1,2,2,2,11,94.0,43.3,0
12,0,2,7,17,55.5,41.9,0
8,0,0,2,15,60.0,28.0,2
3,4,3,6,11,97.7,34.7,0
8,1,1,5,19,64.2,21.9,0
5,0,0,7,12,3.1,26.4,0
1,0,3,7,7,72.4,22.4,0
7,5,3,7,0,90.5,27.9,0
5,1,5,1,6,79.6,41.9,0
6,4,5,3,14,58.4,28.7,0
6,0,1,7,12,67.1,34.0,0
8,4,1,2,12,99.0,30.8,0
9,3,1,6,8,9.1,31.5,0
2,4,0,7,14,66.7,44.2,0
9,2,4,0,3,28.3,27.4,0
12,2,1,0,12,64.0,35.7,0
11,4,5,3,11,60.8,30.5,0
10,2,4,4,4,15.3,21.5,0
9,3,0,1,6,20.7,32.2,0
10,1,4,6,7,62.2,40.3,0
10,2,2,5,4,12.8,22.5,1
7,2,4,6,8,26.5,21.7,0
1,4,1,0,13,83.5,23.8,0
7,3,0,0,11,32.7,39.1,2
10,6,1,3,3,48.8,38.1,1
5,6,5,4,19,94.1,34.1,0
6,6,2,4,7,22.7,31.7,1
10,6,5,3,16,39.0,42.2,0
7,1,1,7,7,60.6,39.2,0
5,4,1,6,0,75.5,40.3,0
7,4,1,0,19,90.2,40.3,0
9,5,3,6,1,91.5,36.1,0
3,3,2,6,3,77.7,31.5,0
8,6,1,1,0,22.8,41.6,0
2,1,1,0,6,2.5,43.2,0
11,3,5,4,0,38.4,20.6,0
7,6,5,5,8,14.2,21.3,0
2,1,1,6,2,71.0,44.0,0
4,3,0,0,11,66.1,26.9,0
7,4,3,6,18,4.4,41.8,0
3,4,5,1,14,83.7,29.7,0
2,0,0,7,15,24.9,23.0,0
11,2,3,2,9,43.2,22.0,1
10,6,1,0,5,66.8,23.9,1
7,5,2,3,16,42.9,26.2,1
1,3,4,2,16,44.1,32.2,0
8,5,4,6,18,6.6,37.5,0
3,0,1,3,17,40.1,44.7,1
12,2,5,3,10,76.5,31.0,0
12,3,0,3,6,91.5,33.0,0
2,1,2,0,9,41.3,33.0,0
3,6,3,4,6,42.4,33.5,0
5,2,1,6,4,70.3,32.9,0
11,4,2,2,11,94.3,20.2,0
8,0,2,1,15,26.7,20.0,0
10,2,5,4,17,44.0,22.4,0
7,6,3,6,2,79.6,22.5,0
7,2,2,7,19,61.0,37.6,1
12,6,5,7,14,11.1,25.1,0
7,4,0,0,4,62.8,42.4,1
8,3,5,3,12,18.7,43.2,0
1,1,0,1,18,51.0,44.4,0
4,4,0,6,11,52.9,43.5,0
6,1,2,2,4,87.6,26.8,0
9,3,5,6,5,46.2,32.7,0
2,2,0,4,6,27.9,24.4,0
1,1,3,7,9,23.1,40.2,1
10,0,2,5,15,87.4,42.2,0
12,0,5,4,7,17.1,41.3,0
2,6,5,6,8,42.6,30.8,0
7,4,4,1,3,18.7,39.0,0
3,3,5,6,7,77.3,22.4,0
10,6,2,6,6,47.4,21.0,1
2,4,3,0,14,35.1,38.8,1
11,4,5,2,2,36.1,30.6,0
7,6,4,1,16,85.2,44.9,0
2,5,2,6,10,55.4,22.4,0
3,4,0,3,8,71.8,41.4,0
11,5,1,2,4,89.7,32.0,0
7,0,1,4,9,90.2,40.7,0
4,0,0,1,14,32.9,40.4,0
1,4,5,4,13,95.2,42.9,0
5,0,1,7,3,2.5,27.4,0
12,3,1,6,19,37.7,43.7,0
9,5,0,4,1,89.6,23.8,0
8,5,5,4,11,27.5,22.0,0
12,4,5,0,0,27.3,30.8,0
9,0,0,4,19,30.3,40.7,0
10,1,5,3,4,61.2,31.8,0
9,6,5,3,5,43.8,40.7,0
7,6,2,2,10,72.7,38.2,0
4,5,2,6,7,89.5,25.2,0
5,4,0,5,6,67.4,43.7,0
1,4,3,7,3,20.4,21.5,1
1,3,1,4,5,93.3,42.5,0
3,2,2,4,15,26.4,27.6,0
8,2,1,1,19,15.0,32.5,0
2,5,4,0,14,9.0,30.6,0
4,6,0,5,13,56.3,24.3,0
2,3,3,2,11,11.4,29.0,1
5,3,4,7,11,13.9,24.8,0
9,3,4,5,15,30.0,25.1,0
1,5,5,4,14,28.2,24.7,0
5,2,4,1,12,60.4,32.2,0
9,6,0,6,10,81.7,39.9,0
1,3,2,0,16,76.1,34.2,0
9,6,0,6,14,26.2,42.3,0
8,0,2,2,13,24.5,35.9,0
4,4,4,5,9,96.6,37.2,0
12,4,4,2,11,0.8,36.7,0
11,6,3,4,15,88.0,31.2,0
10,1,2,2,14,20.0,37.2,1
5,1,4,6,9,94.7,21.7,0
5,5,5,1,3,34.2,41.5,0
11,5,1,2,8,44.0,39.4,1
12,4,3,3,19,70.7,26.1,0
6,0,0,1,8,58.8,39.2,2
7,2,3,5,19,31.8,20.3,0
8,2,1,0,10,55.4,25.4,0
8,5,2,0,10,73.1,21.6,0
11,0,0,4,6,4.2,39.5,2
2,5,0,4,9,1.1,38.9,0
9,2,2,3,3,45.8,40.3,1
7,6,3,5,4,13.2,20.1,0
4,5,4,6,4,66.4,32.5,0
4,3,3,0,10,21.4,37.6,0
11,6,1,0,8,43.3,23.9,1
8,5,5,0,15,19.8,36.2,0
4,4,4,6,8,54.8,22.1,0
6,5,3,0,3,11.6,24.5,0
5,4,5,2,1,2.3,31.9,0
3,0,5,5,13,5.1,36.3,0
10,2,2,1,2,95.4,23.6,0
11,6,1,1,17,14.2,24.6,1
2,6,1,3,5,70.8,25.1,0
9,1,1,2,10,6.8,26.0,0
10,1,4,0,17,10.8,25.7,0
9,2,0,0,11,50.9,29.9,0
1,1,4,4,4,46.5,36.3,0
10,6,3,4,8,95.2,31.0,0
3,5,5,3,19,94.5,39.4,0
8,0,5,0,17,78.0,38.0,0
6,0,0,3,18,60.2,23.2,2
5,2,3,2,2,45.5,21.2,0
5,1,0,1,8,35.6,41.9,0
6,5,5,0,3,94.7,22.0,0
7,0,4,5,16,60.3,23.7,0
1,0,1,6,16,57.9,20.6,0
9,3,5,2,1,23.2,35.7,0
3,3,2,0,8,4.7,34.6,0
4,6,1,6,8,94.5,44.7,0
10,0,5,5,4,31.4,42.2,0
1,2,4,4,14,44.3,30.3,0
11,4,0,3,14,11.5,29.3,2
10,4,1,4,2,83.7,27.4,1
3,5,4,1,18,2.8,23.8,0
2,0,3,4,2,83.4,23.5,0
2,0,2,0,5,14.0,23.3,0
1,6,1,5,3,88.7,22.9,0
8,0,0,4,12,73.0,26.0,1
3,2,3,0,12,16.5,27.7,0
3,3,4,1,10,56.6,44.0,0
6,0,2,6,4,31.3,34.5,1
8,0,0,5,0,17.8,44.7,1
9,6,4,4,8,85.9,29.3,0
9,1,4,3,16,40.4,31.4,0
4,6,1,3,0,39.9,28.1,1
5,6,1,5,2,17.0,24.6,0
2,2,0,3,14,38.3,23.6,0
11,5,5,4,9,87.2,43.6,0
9,0,5,4,7,36.3,44.7,0
8,6,4,5,11,95.2,21.1,0
3,6,1,4,14,94.6,23.8,0
11,1,2,6,8,14.5,30.6,0
12,6,2,0,9,17.7,24.7,0
9,4,4,1,19,86.3,29.1,0
3,5,1,6,8,39.3,23.2,1
9,0,0,6,14,0.4,31.4,0
2,0,0,3,0,27.4,26.8,0
12,1,0,0,1,59.8,28.8,0
10,2,2,5,18,79.9,22.4,0
9,0,1,7,13,13.3,30.7,0
8,4,1,3,7,11.1,44.6,0
9,0,2,0,5,92.2,28.2,0
5,4,0,4,11,75.1,41.9,0
11,5,0,5,14,59.0,41.1,1
11,5,4,7,13,76.9,43.8,0
2,3,5,5,0,42.9,39.8,0
8,3,3,7,10,75.8,36.5,0
12,4,5,7,2,37.2,41.4,0
6,2,1,3,18,24.4,21.9,0
8,0,1,4,17,72.9,31.6,0
11,6,1,3,19,42.0,44.7,1
5,0,5,7,1,98.1,39.2,0
10,3,3,7,6,34.9,44.1,0
2,6,4,2,7,92.2,39.5,0
6,4,5,0,18,93.3,41.9,0
5,6,3,2,14,24.2,37.7,0
12,0,0,0,9,79.8,39.0,0
12,0,0,1,0,43.3,33.1,0
5,2,1,6,5,91.8,43.1,0
1,1,2,5,12,45.0,40.6,0
2,6,1,3,13,74.4,41.1,0
8,3,2,1,2,46.7,36.8,0
3,3,3,1,10,22.8,27.6,0
10,1,0,5,2,19.9,20.9,2
3,0,5,5,18,42.5,43.4,0
8,2,2,0,9,75.5,34.7,0
8,2,3,2,14,60.5,27.5,0
2,3,0,4,10,68.9,23.7,0
8,2,5,0,14,28.2,40.7,0
11,5,2,4,12,48.1,40.9,0
1,1,1,1,4,4.4,40.4,0
6,0,1,4,3,81.8,36.1,0
8,5,1,2,12,99.0,29.2,0
3,1,3,0,8,40.7,27.6,0
8,4,1,7,16,1.1,20.2,0
12,6,4,5,1,17.0,40.8,0
1,3,0,7,4,65.3,22.2,0
11,2,3,2,15,61.2,35.8,1
11,4,5,6,6,78.8,32.6,0
9,2,1,2,0,25.4,33.2,0
11,5,0,6,11,76.4,43.2,0
9,0,2,0,10,68.8,20.8,1
5,0,1,5,11,32.3,39.3,0
10,0,0,2,18,54.5,21.3,2
4,2,4,7,11,14.7,21.0,0
11,4,2,6,11,45.3,30.7,0
6,0,4,5,13,88.1,21.6,0
12,4,5,3,1,42.1,39.7,0
7,2,0,3,1,84.0,33.2,1
5,5,4,3,3,59.0,20.7,0
11,4,5,4,19,19.2,21.0,0
10,5,0,2,15,58.1,35.3,1
9,2,0,0,9,50.6,40.2,0
3,2,4,7,12,39.9,30.9,0
7,3,0,0,1,12.0,33.9,2
10,2,1,4,2,41.7,40.0,2
10,2,0,0,18,7.3,35.3,2
11,1,3,6,5,9.9,25.6,1
5,0,5,3,18,41.6,35.3,0
7,3,0,7,19,30.5,35.7,2
2,6,3,2,18,92.6,38.4,0
4,3,0,0,7,37.6,35.5,0
2,3,0,0,13,75.8,44.2,0
12,6,4,1,9,53.0,24.9,0
7,1,1,1,2,70.4,43.8,0
2,5,5,1,5,26.0,33.5,0
11,2,1,2,14,94.2,36.8,1
1,0,2,3,17,53.0,22.5,0
9,4,4,5,13,83.1,29.5,0
1,6,4,3,18,36.5,39.2,0
8,5,1,7,9,10.0,37.7,0
2,6,4,3,14,67.4,21.0,0
12,2,1,2,3,0.8,33.7,0
8,1,4,6,1,47.5,22.2,0
3,6,0,6,2,19.3,44.9,0
6,2,1,2,6,62.7,42.4,0
3,2,1,1,15,97.9,20.5,1
7,1,3,0,9,46.4,41.5,0
10,3,4,4,18,81.7,43.0,0
9,3,4,4,16,50.8,28.8,0
2,0,1,5,18,49.6,38.0,0
12,0,0,0,4,93.0,31.1,0
12,3,0,5,19,89.0,36.4,0
5,5,5,1,12,78.6,28.5,0
6,4,0,5,12,29.6,28.1,2
4,2,4,0,10,54.5,30.6,0
4,4,3,7,10,22.4,23.6,0
4,2,1,0,15,44.4,40.8,1
2,3,2,4,14,48.4,28.7,0
4,0,3,6,16,83.2,30.0,0
11,5,2,1,17,89.6,42.4,0
1,0,3,7,18,41.5,32.4,1
12,4,0,2,3,1.8,33.6,0
6,0,4,7,4,86.2,43.9,0
1,3,2,7,6,17.4,42.2,0
10,5,3,5,1,62.2,24.2,0
6,4,4,4,0,2.5,31.8,0
1,5,2,5,11,40.0,44.3,0
6,2,1,5,9,98.6,29.3,0
10,0,3,2,7,10.1,29.3,0
8,5,1,1,0,42.4,24.9,0
11,1,0,0,11,30.7,22.9,2
2,0,1,3,1,90.5,38.5,0
2,2,1,5,9,86.9,39.3,0
12,5,5,3,16,23.8,44.2,0
4,4,3,1,2,8.1,39.3,0
11,2,0,3,6,62.7,26.1,2
3,1,1,5,11,33.6,21.0,2
4,5,4,2,7,67.2,44.6,0
12,6,2,3,19,3.2,28.5,0
7,6,1,1,11,13.3,27.8,0
11,3,0,1,2,68.6,42.6,1
1,0,1,6,16,21.2,34.6,0
6,4,2,6,8,85.8,25.4,0
3,3,0,2,9,5.9,42.2,0
11,5,3,3,5,21.5,44.8,0
10,6,0,3,0,99.9,22.2,0
7,6,3,6,11,43.3,41.6,0
10,6,0,0,4,70.3,29.8,0
2,5,2,4,12,18.3,33.1,0
2,6,2,1,14,61.0,42.9,0
4,2,0,0,10,72.6,44.3,0
1,5,1,1,7,31.4,26.6,0
3,4,2,7,4,82.9,25.3,0
9,3,3,7,1,60.3,22.0,0
7,4,3,0,11,38.9,34.0,0
7,1,4,7,1,55.8,20.3,0
11,6,5,6,15,57.7,30.3,0
4,1,5,6,2,16.6,21.8,0
2,0,5,4,9,40.3,30.1,0
4,0,3,0,18,34.3,21.0,0
6,1,4,1,7,40.1,40.9,0
11,5,5,3,6,76.1,25.2,0
11,4,5,1,0,48.3,28.2,0
3,1,0,5,11,94.0,41.8,0
1,0,0,6,4,29.4,38.7,0
12,1,0,2,15,41.6,25.5,0
8,5,1,2,3,78.7,21.8,0
12,1,5,6,16,54.6,37.9,0
5,4,1,5,1,54.7,29.8,0
5,3,4,2,11,5.3,39.2,0
11,5,3,7,0,39.9,31.1,1
4,0,5,6,11,27.1,28.7,0
6,4,3,2,11,99.9,31.3,0
3,1,0,6,11,30.8,38.7,0
9,1,5,4,18,88.4,42.6,0
5,3,2,3,16,67.6,21.2,0
3,0,1,3,19,34.1,33.1,2
11,0,1,1,10,54.4,20.8,2
1,2,5,5,12,84.1,31.7,0
10,0,0,6,7,88.3,42.1,0
12,3,1,0,9,16.0,29.0,0
6,6,0,1,7,34.0,43.3,1
2,2,4,1,19,33.5,35.8,0
3,2,3,6,7,4.2,43.4,0
1,1,2,6,8,59.8,38.9,0
9,1,3,1,6,85.5,22.6,0
8,0,3,1,13,38.2,25.8,0
12,2,4,3,1,74.0,29.9,0
2,1,1,0,10,62.8,24.3,0
12,3,2,7,7,37.6,32.4,0
11,1,1,1,12,14.1,31.8,2
8,5,5,7,14,70.9,43.9,0
12,5,3,3,2,85.5,30.8,0
9,1,5,1,13,68.6,39.6,0
1,2,0,2,14,1.8,43.5,0
5,6,3,1,1,21.6,41.9,0
8,6,1,6,18,6.9,25.2,0
11,2,3,5,11,57.0,32.4,1
2,4,0,5,19,75.6,28.7,0
4,6,4,1,3,11.1,30.0,0
7,5,5,4,2,83.8,29.0,0
3,3,5,2,4,55.6,40.7,0
12,2,1,0,2,69.0,31.3,0
5,0,3,1,14,97.1,33.1,0
8,5,1,7,18,8.4,44.6,0
12,3,4,0,1,90.1,21.5,0
10,3,3,2,11,12.6,32.2,0
3,2,3,1,4,39.3,39.4,0
4,3,1,4,16,85.1,23.8,1
9,2,1,3,13,90.6,35.3,0
7,6,0,4,9,50.6,26.0,1
1,1,4,6,2,59.4,41.7,0
12,5,0,4,3,70.8,28.2,0
4,4,5,7,5,83.3,28.2,0
4,1,3,3,15,12.2,35.0,0
9,5,1,6,6,81.0,24.6,0
6,2,3,3,14,48.1,27.1,0
9,5,3,5,19,45.1,30.4,0
12,6,2,3,10,42.4,28.8,0
6,2,5,1,0,50.9,33.1,0
6,1,2,0,4,94.5,35.0,0
5,0,3,5,12,54.8,34.2,0
5,0,1,5,13,95.3,36.4,0
2,5,3,0,8,18.0,27.7,1
8,0,5,7,16,72.4,23.2,0
8,2,2,5,14,81.2,39.0,0
11,3,1,3,6,67.9,41.3,1
1,2,3,4,11,60.7,26.4,1
8,3,4,2,5,56.5,30.2,0
5,1,5,7,15,86.1,32.5,0
2,4,5,3,4,82.2,33.3,0
2,3,4,6,8,12.2,36.5,0
6,0,3,6,13,84.9,21.0,0
11,2,5,4,7,41.4,38.0,0
9,1,1,7,13,25.4,21.5,0
1,0,3,7,11,87.0,31.7,0
12,1,3,4,9,43.2,40.7,1
6,4,2,7,19,80.8,31.3,0
9,6,5,5,19,26.3,23.7,0
8,2,5,1,12,0.4,44.6,0
11,5,4,1,18,49.5,42.2,0
6,2,2,7,14,10.0,39.3,1
3,4,2,5,7,75.4,30.3,0
8,2,5,5,9,27.6,24.6,0
9,5,3,0,2,44.4,43.5,0
1,3,2,0,2,8.7,33.3,0
12,1,4,2,4,28.7,41.3,0
9,5,2,2,15,78.1,28.6,0
6,0,4,2,16,15.2,28.4,0
6,4,2,2,5,64.7,44.6,1
12,3,4,4,19,91.7,33.0,0
4,0,2,4,19,68.0,23.5,0
1,0,2,0,15,81.1,25.5,0
10,4,1,1,1,10.9,32.0,2
8,3,4,5,19,25.1,21.1,0
2,6,4,6,14,89.5,31.6,0
12,0,4,1,17,71.5,30.5,0
1,0,0,3,0,64.0,39.5,0
2,3,2,4,18,66.4,28.9,0
1,2,4,2,11,41.4,44.6,0
1,0,5,2,7,4.5,24.5,0
9,1,0,3,5,78.4,34.8,0
1,3,1,1,11,67.9,22.2,0
4,0,4,2,6,47.3,38.3,0
10,4,4,1,17,90.0,44.9,0
6,5,0,5,13,33.6,40.5,1
7,1,2,3,7,29.4,33.9,1
2,5,5,6,19,87.3,32.1,0
6,5,1,1,13,79.7,40.9,0
7,0,4,5,4,51.5,43.4,0
10,1,2,7,8,13.1,44.7,1
10,1,5,7,7,21.5,29.9,0
2,2,5,1,1,65.6,44.8,0
2,5,1,7,15,38.5,23.9,0
10,1,3,1,12,83.6,26.3,0
7,2,5,2,6,95.0,22.2,0
12,3,3,0,15,80.6,26.8,0
1,2,5,7,6,37.8,39.2,0
8,4,1,4,13,78.9,41.3,0
11,6,0,1,13,35.1,39.5,1
3,0,1,1,11,16.7,35.8,2
11,3,1,1,0,3.3,32.8,2
6,6,0,0,0,38.6,37.7,1
9,6,0,5,11,90.4,29.8,0
6,3,2,7,19,23.9,41.0,1
9,4,5,6,14,20.7,36.9,0
7,2,2,6,3,97.0,37.4,0
9,0,0,3,6,2.5,33.4,0
2,2,3,2,15,78.6,42.1,0
12,1,3,0,2,32.1,26.3,1
8,2,1,5,6,3.7,29.5,0
8,3,4,1,5,91.8,39.4,0
2,0,1,5,15,14.0,32.3,0
12,2,1,0,7,55.2,42.2,0
4,0,4,0,5,27.4,28.7,0
11,0,5,0,9,6.5,29.2,0
7,1,0,3,15,5.0,42.2,1
11,1,3,4,10,11.6,31.6,1
4,3,1,2,12,7.1,32.9,2
4,4,4,3,5,76.1,28.3,0
6,6,2,3,0,48.6,26.9,1
10,0,1,7,18,34.3,36.4,2
6,4,3,4,11,41.8,23.0,0
10,6,0,3,5,92.9,42.0,0
3,6,1,0,17,91.1,39.5,0
9,3,1,0,12,71.6,24.8,0
12,6,5,7,6,88.5,37.4,0
10,6,4,5,12,32.0,35.1,0
11,0,2,1,7,38.1,24.6,0
2,0,2,3,16,61.4,26.8,0
6,5,0,1,8,62.4,30.2,1
12,4,3,2,19,48.2,37.5,1
7,2,0,6,12,40.1,36.0,2
12,1,1,0,1,98.6,33.3,0
9,2,1,5,3,82.1,39.2,0
3,4,2,2,1,43.5,38.9,0
10,1,3,7,3,72.7,35.4,0
3,2,4,5,17,27.0,39.7,0
7,5,3,6,4,10.0,28.4,0
4,1,1,6,18,35.2,42.0,1
8,0,4,7,9,40.3,35.4,0
7,2,3,4,17,1.7,40.6,0
5,1,3,7,9,81.5,33.7,0
7,5,4,0,4,35.9,25.5,0
3,6,1,2,16,58.0,33.6,1
12,1,3,4,12,7.4,29.3,1
2,1,4,6,16,17.5,37.4,0
6,5,5,2,8,89.0,31.9,0
2,6,5,5,11,60.9,40.9,0
3,2,1,4,13,95.0,37.0,1
6,3,4,4,13,99.9,37.1,0
5,2,5,0,7,37.2,25.4,0
8,6,4,7,4,29.9,44.6,0
9,4,3,1,18,85.8,41.0,0
11,5,1,5,13,99.9,39.7,0
3,2,5,5,8,63.0,28.3,0
12,1,3,7,6,79.5,33.4,0
10,5,0,4,7,78.2,23.4,0
3,0,0,4,13,35.5,33.5,0
3,6,1,0,13,57.4,23.6,1
6,2,5,1,10,83.3,33.8,0
1,5,5,5,13,68.8,36.2,0
7,2,5,6,7,2.1,29.8,0
12,5,4,3,2,33.7,32.5,0
1,1,3,3,17,14.4,41.9,1
5,0,5,1,2,23.3,22.7,0
10,0,3,2,12,90.5,39.8,0
8,4,1,0,11,3.7,24.3,0
4,5,5,1,14,22.0,20.9,0
5,2,1,7,17,31.0,24.6,0
4,0,5,7,4,61.7,39.1,0
12,6,0,3,6,53.4,30.1,0
12,0,2,4,10,21.8,41.8,0
4,3,1,3,10,16.4,33.1,2
12,3,5,4,14,23.7,20.6,0
8,0,2,0,9,50.3,37.9,0
2,5,1,4,14,27.1,22.8,0
1,4,4,1,12,94.8,39.7,0
3,0,5,4,13,46.4,24.2,0
9,1,4,2,16,5.9,28.6,0
4,2,0,7,12,72.9,39.0,0
10,4,5,1,9,32.9,43.9,0
5,1,0,7,0,65.3,29.3,0
2,4,2,0,0,28.0,40.7,0
4,1,1,1,14,57.1,24.8,2
2,2,3,2,15,77.2,40.2,0
2,2,0,0,11,92.8,36.4,0
4,3,3,3,5,26.1,24.8,0
6,5,3,2,5,33.5,27.6,0
7,1,1,0,11,46.4,23.3,0
10,3,2,6,14,92.7,29.6,0
3,1,1,4,3,90.1,25.1,1
3,3,5,1,3,9.0,36.1,0
10,2,0,0,1,13.2,44.9,1
6,4,3,1,11,49.6,20.3,0
12,6,1,4,6,10.7,33.5,0
3,3,1,0,19,34.6,34.3,2
2,1,1,3,8,14.8,42.9,0
8,1,0,6,8,63.6,32.7,2
5,6,2,6,7,94.9,33.6,0
1,5,1,2,13,99.7,31.8,0
3,2,0,0,0,37.5,26.7,0
10,1,3,4,11,59.9,21.4,0
8,0,5,0,1,85.6,30.2,0
4,4,4,1,12,11.7,21.3,0
7,3,0,5,3,69.0,33.8,2
10,5,4,7,19,40.9,27.7,0
12,6,1,0,17,20.6,33.3,0
2,4,1,6,18,40.3,23.4,0
7,2,0,6,15,7.6,43.3,1
5,5,4,7,13,69.5,42.4,0
5,3,1,6,7,25.3,24.7,0
6,3,3,3,11,31.1,28.6,0
9,6,2,0,8,12.1,35.3,1
6,0,2,2,5,86.5,22.4,0
12,6,1,0,17,49.3,28.9,0
8,2,4,5,1,57.2,26.3,0
7,5,5,6,7,56.9,42.9,0
9,5,1,1,13,41.0,41.3,0
4,1,5,6,5,19.3,34.5,0
2,0,5,0,9,74.5,33.0,0
7,0,4,3,7,12.7,43.3,0
6,5,5,4,16,10.4,43.3,0
1,5,3,0,11,71.0,44.2,0
11,4,4,0,16,20.9,23.1,0
9,4,1,2,12,30.7,24.0,0
9,4,3,3,18,47.5,36.9,0
12,0,0,5,11,44.9,33.5,0
2,1,2,4,15,70.9,20.5,0
3,3,1,6,4,62.3,21.5,2
5,4,1,1,15,64.4,42.2,0
5,1,1,0,5,71.4,41.7,0
1,6,3,5,10,29.3,28.9,1
8,2,0,4,16,32.2,42.3,1
12,4,4,1,13,43.8,34.8,0
8,6,0,5,5,30.7,40.1,1
4,3,3,3,10,98.5,30.7,0
7,2,1,3,11,81.4,22.8,0
11,2,2,4,12,16.5,30.8,0
10,3,1,6,3,0.6,31.4,2
3,4,4,7,6,4.3,33.8,0
6,0,5,1,1,24.4,22.6,0
10,3,2,3,5,11.4,44.8,1
10,3,1,7,5,53.3,26.1,2
12,3,2,4,17,85.8,25.0,0
9,2,5,3,19,73.7,33.2,0
1,1,0,3,7,21.6,33.4,0
5,6,3,5,7,39.9,31.0,0
4,0,1,7,7,50.8,39.3,2
8,4,4,5,7,81.0,32.9,0
11,4,0,3,0,83.9,35.2,1
12,6,1,7,1,91.0,38.1,0
1,1,0,2,11,50.9,20.6,0
9,3,4,7,14,69.4,34.3,0
6,0,1,5,3,11.2,42.1,0
4,4,5,1,2,56.5,20.4,0
12,6,5,4,13,24.9,30.1,0
9,5,4,4,7,43.2,43.2,0
11,6,2,6,12,63.4,28.8,0
5,4,4,1,18,25.7,31.5,0
5,3,2,1,4,5.2,44.5,0
12,5,1,1,12,1.0,25.0,0
5,1,2,6,19,2.2,21.6,0
1,0,1,1,0,0.8,41.5,0
1,1,1,0,15,11.0,41.7,0
8,1,3,6,1,23.9,31.8,0
12,6,1,4,6,22.1,32.9,0
8,0,2,0,5,98.7,40.9,0
12,0,3,6,4,30.6,38.5,1
6,4,3,3,3,12.7,26.6,0
12,4,1,3,1,54.6,20.4,0
11,0,4,4,9,85.8,32.0,0
4,5,4,3,4,67.8,41.5,0
2,2,5,1,17,29.6,42.4,0
2,4,3,6,9,56.2,43.9,1
9,2,1,0,14,71.5,42.0,0
5,6,4,1,8,72.8,34.5,0
4,5,1,3,10,66.7,31.1,1
10,0,1,5,16,87.1,39.4,1
1,5,3,7,8,87.0,38.5,0
7,4,5,0,15,57.9,33.5,0
3,1,3,1,5,43.0,22.2,0
6,6,0,6,10,64.2,43.2,1
5,0,4,4,16,81.8,31.4,0
5,3,4,1,3,0.6,29.1,0
11,6,4,5,14,99.2,35.7,0
5,2,2,3,0,18.3,36.8,0
1,5,1,0,19,47.0,25.3,0
1,0,3,4,0,87.2,40.9,0
3,6,4,0,8,22.5,27.2,0
12,5,0,4,11,47.7,24.7,0
10,0,4,7,3,13.3,30.2,0
4,4,5,6,12,39.5,38.3,0
5,6,1,0,6,17.7,44.1,0
2,4,1,3,7,36.4,40.2,0
8,6,3,6,12,37.3,43.5,0
11,4,2,6,10,99.3,23.5,0
11,5,3,7,8,99.5,21.8,0
2,3,4,4,15,11.5,33.9,0
9,6,5,2,9,72.6,27.3,0
2,6,0,0,10,5.2,40.7,0
9,4,3,0,11,3.0,36.8,0
7,0,2,1,13,10.5,44.3,1
8,6,3,4,18,96.5,26.4,0
11,4,1,5,11,94.1,32.1,1
2,1,4,2,17,19.4,32.5,0
7,4,4,3,16,16.2,26.0,0
12,5,4,1,2,24.1,34.8,0
6,3,4,7,0,51.6,31.1,0
4,1,4,2,18,57.0,31.2,0
7,5,4,4,3,22.2,29.1,0
4,5,0,2,15,75.7,20.4,0
2,5,2,7,11,31.0,33.1,0
10,0,4,6,12,92.2,28.4,0
12,5,2,0,16,65.7,20.0,0
7,0,5,6,7,43.6,27.7,0
8,5,4,0,12,79.0,27.0,0
2,2,3,1,19,81.8,29.8,0
5,1,4,7,4,29.0,23.3,0
1,2,1,4,17,34.0,32.7,0
7,5,0,4,14,93.6,37.3,0
8,1,3,2,11,16.5,35.8,0
6,1,3,1,16,4.2,40.1,0
5,6,1,4,14,45.4,31.3,0
6,3,4,5,1,80.1,33.0,0
2,2,0,5,5,77.2,40.3,0
1,3,3,6,16,92.0,30.7,0
7,1,0,0,15,53.3,37.5,2
7,0,3,2,16,10.0,30.9,0
10,1,4,3,19,58.9,30.4,0
11,3,5,7,8,77.8,39.0,0
10,2,3,0,4,9.3,24.4,0
2,5,5,1,0,17.3,28.5,0
2,6,3,4,5,1.2,25.6,1
1,6,2,0,13,59.4,29.0,0
10,6,4,3,16,88.7,25.8,0
8,5,1,3,18,67.1,34.5,0
8,6,5,5,0,98.2,40.0,0
1,2,1,1,0,6.3,39.7,0
12,5,4,0,12,90.3,29.1,0
11,6,1,2,13,81.4,44.7,0
8,5,4,0,5,31.4,34.8,0
9,3,1,5,5,97.4,30.0,0
4,2,5,6,0,28.8,40.9,0
1,4,2,3,13,88.9,38.2,0
1,0,1,1,2,88.1,38.7,0
3,6,5,1,9,75.8,24.9,0
5,0,3,2,18,56.3,31.7,0
5,5,4,1,18,12.0,41.5,0
9,0,0,5,18,53.2,32.6,0
10,2,0,5,3,35.7,37.1,2
12,2,4,5,19,79.2,34.7,0
2,1,2,1,18,75.8,41.1,0
2,6,1,1,9,91.1,27.1,0
6,1,2,5,1,1.5,34.4,1
9,0,0,1,3,80.9,23.1,0
1,4,5,7,5,93.8,37.3,0
9,1,4,1,6,78.9,38.3,0
9,1,4,7,15,13.0,21.1,0
9,2,2,3,6,8.1,36.9,1
5,4,5,0,17,2.1,30.4,0
9,5,2,4,19,62.9,23.1,1
11,0,1,7,18,63.0,30.5,2
4,1,3,7,8,98.7,24.9,0
2,4,5,1,19,39.8,30.4,0
6,6,3,4,9,33.2,29.6,0
4,4,1,6,12,62.4,38.5,2
6,0,3,4,17,82.6,39.4,0
3,4,0,3,15,93.7,35.2,0
6,4,3,7,16,80.3,20.6,0
2,4,1,1,12,42.7,43.3,0
2,6,3,5,11,63.5,37.2,1
9,1,4,4,9,85.6,20.9,0
7,0,2,1,0,49.1,40.5,1
3,6,0,2,7,21.7,25.0,0
11,4,4,6,17,17.0,34.5,0
1,4,4,5,1,0.0,31.7,0
8,1,1,2,15,71.8,30.5,0
6,0,2,2,11,11.1,42.2,1
7,2,2,4,8,24.4,30.9,1
9,6,5,2,2,29.8,21.9,0
5,1,0,3,3,56.0,43.7,0
1,0,1,3,1,39.8,43.0,0
12,6,0,4,7,67.5,37.1,0
10,4,5,1,9,5.6,31.7,0
7,0,3,0,15,12.4,22.3,0
5,0,4,1,10,49.9,39.8,0
3,5,0,1,17,33.7,21.9,0
12,0,4,1,13,29.6,21.7,0
9,2,1,1,7,6.7,33.4,0
1,0,3,5,14,89.6,24.0,0
1,2,1,0,16,69.2,20.2,0
1,4,3,5,17,12.2,30.6,1
3,2,3,2,5,6.5,23.4,0
12,6,4,6,13,97.5,24.0,0
6,4,1,1,2,68.1,21.9,0
10,4,1,6,6,41.7,25.1,2
11,2,0,3,14,70.2,37.9,1
3,1,1,4,15,75.6,40.2,0
8,3,0,4,15,78.0,31.3,1
10,0,2,5,7,47.8,32.7,1
2,5,2,5,6,43.0,20.8,0
9,3,2,3,5,1.1,21.7,1
3,0,5,1,1,92.7,26.4,0
5,0,1,6,12,60.3,33.6,0
10,4,5,7,11,20.3,38.5,0
8,0,1,6,14,92.0,35.1,0
2,5,0,0,8,91.5,29.8,0
6,0,5,2,1,98.9,23.0,0
12,2,5,4,16,87.4,39.5,0
5,3,5,2,4,99.8,29.1,0
10,2,3,0,10,24.5,38.4,0
9,5,0,5,18,84.2,32.8,0
12,0,2,6,6,82.3,38.5,0
5,6,0,4,1,23.1,42.7,0
2,5,3,2,15,9.8,43.0,0
5,4,1,7,11,97.9,33.4,0
12,2,0,5,14,29.6,32.8,0
4,2,5,0,0,87.1,26.6,0
11,1,2,7,12,0.4,43.4,0
7,0,2,2,5,2.1,31.4,1
6,4,1,7,12,46.6,23.2,0
2,6,0,6,17,23.9,30.8,0
12,2,3,1,2,69.0,23.2,1
11,2,1,7,0,56.6,32.6,2
11,4,0,5,14,7.7,34.0,2
5,5,4,0,12,16.3,28.4,0
7,5,2,2,4,38.8,21.8,1
11,0,3,6,12,18.6,43.6,1
7,1,5,1,4,79.2,39.3,0
5,2,3,1,18,41.6,41.0,0
12,1,5,0,17,9.3,29.2,0
9,5,3,3,9,48.4,39.0,0
4,5,2,6,7,9.1,32.1,0
11,3,5,6,14,12.9,25.0,0
3,6,0,4,19,24.0,23.1,0
4,0,5,0,3,86.0,28.6,0
5,3,1,1,1,92.5,23.4,0
6,6,0,1,5,82.6,45.0,0
3,3,1,7,2,33.4,21.2,2
2,3,3,0,6,27.2,31.0,1
4,0,0,3,9,54.9,31.3,0
5,0,3,4,5,72.2,27.5,0
4,4,4,2,15,99.3,34.3,0
11,1,3,0,1,13.2,23.7,1
12,1,3,4,16,4.9,39.6,1
3,4,1,6,12,69.4,28.3,2
8,4,5,4,0,83.2,34.8,0
10,5,4,7,5,84.6,37.9,0
4,6,3,5,4,67.8,42.2,0
2,3,3,1,12,95.4,40.9,0
2,4,4,7,17,51.1,35.2,0
1,2,4,2,11,91.4,29.7,0
4,1,0,0,6,96.8,32.6,0
10,4,1,7,14,84.7,39.2,1
9,2,4,1,2,31.0,41.9,0
11,2,4,5,15,19.6,22.6,0
7,2,2,7,0,54.8,29.6,1
12,5,5,5,15,45.3,39.4,0
10,5,4,7,11,87.8,30.8,0
7,2,1,1,18,10.0,28.3,0
7,6,5,3,7,25.8,30.3,0
8,5,5,4,11,75.2,35.1,0
1,3,3,0,14,9.5,45.0,1
10,2,3,0,1,32.1,32.3,0
10,3,3,0,16,38.7,25.2,0
8,3,3,1,6,62.3,24.1,0
4,2,2,6,12,15.8,21.1,0
4,1,4,3,0,86.1,34.0,0
4,6,3,2,5,44.8,33.6,0
6,2,0,5,12,91.7,25.1,1
7,2,3,1,10,46.8,37.4,0
6,5,4,6,9,27.5,38.5,0
1,2,3,2,15,14.2,26.5,1
12,1,2,5,19,0.4,28.6,0
8,5,1,5,16,53.2,44.8,0
10,0,1,3,16,10.7,29.4,2
11,0,4,4,3,39.2,39.0,0
7,3,1,0,4,58.9,31.3,0
6,6,1,7,13,27.6,39.8,0
6,3,0,2,19,17.5,39.2,2
5,1,4,1,9,77.5,36.7,0
6,4,4,2,13,94.7,41.4,0
12,6,1,4,0,10.0,43.5,0
9,0,1,0,10,15.6,34.5,0
10,3,1,2,17,96.0,25.9,1
9,0,5,4,15,3.8,30.0,0
10,1,2,1,17,97.8,39.0,0
8,1,3,3,7,0.5,36.3,0
10,4,2,6,9,87.4,24.4,0
9,4,4,5,9,30.7,21.3,0
10,5,0,1,4,93.9,37.1,0
8,6,3,0,9,31.7,26.3,0
8,1,0,5,17,65.4,32.5,2
1,3,5,6,5,8.0,38.7,0
10,0,4,1,2,24.2,34.1,0
11,2,5,7,7,77.4,22.1,0
5,4,4,1,8,52.9,24.6,0
4,2,0,1,4,92.8,25.5,0
2,3,0,7,1,42.9,26.4,0
8,4,0,1,1,87.0,34.1,1
3,2,4,5,6,44.9,32.6,0
4,6,1,0,16,97.9,25.1,0
12,3,0,6,9,96.0,21.7,0
7,0,5,4,11,32.9,24.3,0
10,6,3,2,1,88.6,44.6,0
9,3,4,7,9,84.8,31.7,0
2,5,5,3,19,21.1,41.7,0
3,4,2,7,0,62.4,41.2,0
4,1,2,6,3,7.3,32.8,0
10,0,3,2,12,83.7,37.7,0
1,6,1,2,11,17.5,24.8,0
7,6,0,3,10,7.1,37.2,1
2,2,4,6,9,40.0,26.8,0
5,4,5,5,14,57.7,40.8,0
1,1,0,0,4,85.5,22.1,0
3,3,5,3,16,97.4,39.3,0
12,1,4,0,4,43.9,22.5,0
2,4,2,5,1,6.0,42.0,0
1,4,0,2,8,74.9,27.6,0
7,5,3,0,5,56.5,36.4,0
5,5,1,5,17,44.8,32.2,0
1,1,3,5,13,30.9,29.2,1
6,3,1,4,18,50.2,36.1,0
5,1,5,3,13,33.9,43.7,0
3,4,0,4,7,75.7,21.0,0
12,4,0,7,16,54.4,43.0,0
7,2,1,2,2,87.7,35.2,0
11,5,2,3,9,54.4,40.2,0
10,2,4,2,16,23.8,29.6,0
9,0,3,4,10,85.1,31.8,0
9,4,5,6,7,55.7,41.7,0
9,2,3,5,0,20.7,30.4,0
2,1,3,2,12,62.4,33.4,1
3,5,5,3,3,35.8,20.5,0
7,5,5,7,6,84.4,24.0,0
5,3,0,3,13,45.3,36.0,0
2,1,3,2,4,72.6,37.9,0
3,3,4,3,10,9.6,34.6,0
10,2,4,7,16,39.6,23.6,0
6,6,1,5,4,98.3,31.1,0
7,0,5,6,19,80.8,28.9,0
9,1,0,5,2,16.0,32.4,0
1,1,4,3,4,27.8,41.8,0
11,1,2,7,14,33.0,39.4,0
7,3,0,7,18,65.0,22.1,2
8,2,0,2,15,75.7,42.3,0
12,1,4,4,7,75.0,31.8,0
3,6,2,3,12,51.0,38.6,0
4,1,1,3,15,81.1,23.5,1
10,5,4,3,2,43.7,36.8,0
6,0,2,3,0,12.4,25.9,1
10,5,0,2,8,56.4,31.0,1
7,5,2,4,8,95.2,20.4,0
4,0,0,4,16,79.3,23.8,0
8,6,4,0,1,57.9,22.3,0
5,2,5,3,8,64.7,26.0,0
1,5,4,3,18,93.1,22.5,0
4,2,3,0,12,42.8,37.3,0
3,5,3,4,4,33.1,20.7,0
9,4,3,7,8,97.7,35.4,0
8,0,4,7,12,86.3,23.5,0
1,5,1,1,0,32.3,43.6,0
11,4,4,5,14,46.4,43.3,0
6,3,5,1,3,41.5,25.6,0
9,4,2,4,3,14.9,35.4,1
7,1,4,6,19,95.8,20.7,0
4,5,4,3,9,40.4,43.3,0
1,4,0,1,5,87.5,33.1,0
12,2,0,2,11,18.9,21.1,0
2,3,0,7,19,54.8,28.6,0
12,6,4,2,15,2.4,21.9,0
5,5,1,0,2,76.4,29.8,0
12,1,2,4,13,58.1,36.7,0
11,6,2,4,0,62.6,31.7,0
5,4,5,1,9,5.2,29.6,0
8,6,1,3,14,21.1,23.0,0
6,6,1,4,6,7.4,26.1,0
8,3,2,1,3,28.9,22.5,0
2,6,3,1,13,62.7,40.2,0
3,6,0,5,15,56.6,23.4,0
6,5,0,5,13,61.2,34.9,1
12,3,2,4,2,54.9,28.6,0
10,1,1,1,16,27.3,25.6,2
3,4,5,0,13,24.5,36.0,0
6,3,3,0,17,13.7,31.4,0
6,3,2,5,2,84.9,30.0,0
2,0,0,4,18,61.6,34.8,0
7,3,4,7,2,18.7,32.3,0
12,0,1,3,11,17.7,27.6,0
2,4,4,6,4,87.3,34.0,0
6,6,5,7,9,74.3,36.7,0
1,5,2,0,8,65.9,20.7,0
3,5,0,0,0,40.7,31.6,0
2,4,3,7,12,26.2,21.4,1
7,4,4,5,2,97.9,24.7,0
4,2,3,5,18,79.7,34.0,0
8,6,5,4,10,30.2,41.7,0
6,4,0,5,15,84.8,42.1,0
12,3,4,2,5,75.9,21.7,0
10,5,5,6,2,29.7,30.5,0
4,1,3,7,18,42.7,34.6,0
5,5,3,7,5,18.6,23.7,0
9,0,4,1,7,11.1,39.1,0
7,5,0,0,12,72.3,38.6,0
10,2,3,7,11,26.8,42.6,0
9,6,2,2,9,82.0,20.2,0
7,4,5,7,2,99.6,25.4,0
12,6,4,3,3,7.7,40.7,0
1,4,1,2,0,47.3,36.8,0
12,5,1,4,12,80.2,42.4,0
8,1,0,3,3,78.9,21.4,1
4,1,2,3,10,76.0,34.9,0
3,2,3,7,18,34.9,34.2,0
7,0,1,5,10,45.4,20.9,0
12,5,0,7,11,59.5,32.8,0
3,4,5,2,10,97.4,35.2,0
8,5,2,4,5,32.8,24.8,0
6,2,2,0,11,92.3,26.8,0
5,3,0,6,8,26.9,36.0,0
4,3,0,5,9,98.9,31.7,0
8,2,3,2,2,67.0,41.5,0
8,4,0,0,2,46.4,28.6,2
12,6,3,2,19,61.3,26.7,1
1,2,3,5,15,27.3,44.6,1
9,4,4,0,2,27.4,42.8,0
5,1,2,5,9,11.4,20.7,0
4,2,5,2,10,11.4,39.3,0
6,4,2,3,7,34.8,22.8,1
6,2,2,6,5,76.3,20.7,0
2,2,4,1,19,60.8,26.8,0
8,6,3,6,10,10.3,26.7,0
7,6,3,3,11,85.2,40.5,0
1,4,0,5,15,60.1,37.8,0
5,4,4,6,17,96.1,44.5,0
12,0,0,5,12,67.0,37.8,0
6,2,4,5,2,17.5,30.5,0
4,3,0,0,14,47.4,37.5,0
2,2,1,4,13,64.8,45.0,0
4,2,2,5,17,2.8,37.8,0
1,4,2,6,13,1.5,39.0,0
7,2,5,6,4,12.9,43.5,0
2,5,3,6,13,25.2,22.8,1
2,2,5,3,7,43.0,37.6,0
9,5,1,1,14,48.7,41.3,0
5,6,5,5,14,13.8,43.9,0
2,3,2,7,18,67.3,25.3,0
11,4,3,5,19,59.6,32.6,1
9,2,1,5,5,29.4,37.0,0
9,5,2,7,18,1.4,26.2,1
1,5,0,0,7,7.8,35.0,0
11,6,4,5,5,39.2,26.4,0
3,5,1,3,19,15.4,28.3,1
4,1,3,2,14,37.7,31.0,0
7,0,5,4,2,62.8,33.2,0
10,3,5,6,9,54.7,31.2,0
4,6,1,5,14,23.1,32.3,1
2,6,3,0,15,34.4,27.5,1
7,2,1,3,16,61.4,24.0,0
6,1,3,5,18,86.1,21.2,0
3,2,5,7,10,75.3,24.9,0
6,2,2,0,15,55.3,34.5,1
11,4,0,2,4,36.2,39.7,2
6,4,2,1,4,36.5,24.2,1
12,4,0,5,13,87.9,22.7,0
5,1,5,3,17,3.9,38.7,0
4,2,2,0,7,98.8,27.6,0
10,0,2,7,4,66.4,43.8,1
12,3,1,0,6,68.1,37.9,0
1,4,4,5,15,3.8,28.2,0
10,4,5,0,13,60.6,27.2,0
6,6,3,1,4,48.5,33.1,0
2,2,5,0,8,10.6,22.0,0
3,2,3,6,3,27.8,22.9,0
8,1,3,4,3,89.0,24.4,0
10,1,0,6,15,55.0,39.4,2
6,4,3,4,16,41.3,32.8,0
3,2,3,0,14,7.3,20.3,0
7,0,1,7,3,71.4,36.8,0
4,3,2,7,5,70.3,30.6,0
9,2,5,5,15,61.4,32.8,0
5,6,5,7,3,51.0,25.4,0
3,2,3,4,5,43.4,33.8,0
2,5,4,3,4,59.3,44.5,0
11,1,5,4,15,23.3,21.8,0
2,6,3,6,15,94.1,27.1,0
3,3,0,0,9,58.9,26.1,0
2,4,0,5,8,31.1,26.2,0
4,6,0,2,3,45.0,29.5,0
2,2,3,5,13,80.6,40.5,0
10,4,1,5,3,16.2,42.8,1
9,2,4,5,11,29.3,25.1,0
2,4,3,3,9,68.0,33.6,1
9,3,1,1,3,31.5,35.9,0
6,1,1,6,17,79.3,33.0,0
1,3,5,0,12,13.0,30.9,0
4,5,3,1,12,76.3,24.8,0
1,0,3,2,13,6.8,32.2,1
6,1,1,1,17,1.3,30.0,0
4,3,1,0,0,89.8,39.9,1
3,5,1,6,15,58.1,39.1,1
3,0,5,6,14,35.2,23.3,0
9,5,3,0,4,23.3,22.2,0
6,2,1,2,5,61.7,42.7,0
9,2,0,0,5,50.9,33.4,0
5,4,3,2,2,99.2,41.4,0
2,1,5,2,15,98.3,21.5,0
8,2,0,0,11,63.5,33.2,2
5,6,2,4,3,44.3,33.5,0
2,5,3,6,0,49.1,41.5,0
4,1,2,2,3,68.2,22.4,0
9,6,1,0,0,10.2,26.0,0
4,2,5,7,7,32.8,30.2,0
12,4,1,4,4,7.5,41.6,0
12,3,5,6,1,7.3,43.5,0
12,4,4,2,11,19.6,44.8,0
4,6,1,6,16,48.5,44.0,1
2,0,2,4,6,78.5,20.1,0
12,2,5,6,10,48.5,21.2,0
6,6,1,3,3,33.5,23.7,0
11,0,3,5,4,8.2,28.7,1
2,0,5,3,5,55.0,40.7,0
12,5,5,4,10,27.1,42.3,0
7,1,1,2,0,61.5,24.7,0
3,5,4,0,9,97.7,35.5,0
3,2,1,1,19,11.1,42.9,1
5,0,2,0,10,21.2,31.6,0
3,6,2,6,16,47.3,22.6,0
2,3,5,1,7,96.9,31.4,0
10,0,5,1,12,77.2,29.4,0
9,6,1,6,19,89.8,34.4,0
2,3,2,6,17,33.4,31.0,0
11,5,2,2,15,99.2,20.4,0
2,5,4,4,1,10.3,44.8,0
8,1,3,7,4,5.3,33.6,0
9,6,4,0,17,85.6,31.8,0
7,0,0,4,2,92.7,43.9,0
3,4,4,3,16,9.1,23.9,0
9,5,1,2,15,11.3,24.7,0
3,5,3,2,5,3.3,40.2,0
5,1,1,7,18,10.5,26.5,0
9,3,0,3,6,20.9,40.0,0
12,1,3,0,17,97.0,26.8,0
3,0,5,5,13,66.8,20.8,0
7,6,2,3,5,77.9,32.9,0
12,2,4,0,7,77.6,24.9,0
1,2,1,1,14,53.5,38.9,0
4,6,0,6,14,79.7,36.0,0
4,3,2,2,14,59.6,43.1,0
7,5,4,0,15,31.5,39.6,0
8,3,2,4,0,56.1,24.5,0
1,5,4,7,10,53.4,40.0,0
5,5,5,6,4,82.3,36.0,0
7,2,3,4,4,98.2,36.7,0
12,3,2,6,5,41.1,40.8,0
4,1,2,2,1,76.3,34.3,0
4,5,2,3,5,10.0,31.7,0
4,4,3,5,13,77.7,35.9,0
12,4,0,3,10,37.1,27.4,0
6,1,4,0,3,3.9,24.6,0
7,4,5,7,8,36.3,35.4,0
2,0,2,3,2,61.1,25.8,0
5,5,3,2,15,11.9,22.0,0
4,1,0,7,10,92.4,20.0,0
3,3,4,0,3,7.8,35.2,0
7,5,3,1,0,93.0,29.1,0
11,1,5,3,15,70.7,38.8,0
12,2,5,3,18,33.0,29.4,0
6,3,4,5,15,39.1,32.2,0
7,2,2,0,10,74.1,30.2,0
5,5,5,4,7,60.1,36.3,0
6,3,0,3,0,67.2,28.9,2
5,4,3,2,8,38.9,44.1,0
7,1,0,3,11,48.8,43.4,1
2,5,2,5,7,99.0,41.2,0
11,0,0,1,16,21.4,43.0,1
5,3,0,5,9,41.8,31.2,0
6,3,1,3,6,29.2,33.4,0
6,6,0,7,18,76.5,38.6,0
5,5,4,4,5,76.4,37.4,0
10,5,3,6,18,29.2,42.3,0
7,2,1,3,17,8.1,37.9,0
10,6,3,0,14,1.1,44.9,0
8,4,3,3,1,42.7,28.7,0
7,2,2,4,13,41.0,40.8,1
5,6,2,0,9,98.8,37.4,0
1,2,1,2,15,47.0,37.3,0
5,4,5,7,6,25.6,28.1,0
10,6,2,0,7,89.1,39.6,0
2,6,2,5,9,49.1,42.5,0
5,0,2,1,14,59.9,25.5,0
5,2,3,5,7,9.6,35.6,0
2,2,1,6,12,38.3,29.8,0
5,3,3,0,11,94.4,44.7,0
4,4,4,2,7,59.0,32.0,0
1,1,3,3,14,34.5,25.7,1
3,0,4,7,11,62.6,29.5,0
1,6,0,0,10,91.0,36.3,0
12,6,0,5,18,27.4,21.9,0
11,6,4,0,13,50.5,35.1,0
5,0,4,0,17,95.9,43.3,0
4,6,3,0,12,17.2,41.3,0
7,6,4,2,3,72.0,21.7,0
5,4,1,7,16,61.4,44.8,0
10,5,0,4,18,68.0,37.5,1
4,5,0,4,8,35.1,24.1,0
2,3,5,0,6,31.4,20.3,0
4,3,4,2,0,68.4,24.3,0
12,6,2,2,6,21.6,41.0,0
2,4,2,6,6,42.0,20.5,0
8,6,4,0,19,18.8,25.8,0
3,3,1,5,6,0.8,38.9,2
9,0,2,5,7,97.0,34.7,0
4,0,5,1,15,43.2,39.6,0
6,1,4,7,2,96.9,38.7,0
10,5,1,0,12,14.0,21.3,1
5,4,1,1,9,58.7,42.3,0
10,2,3,5,17,20.1,25.7,0
1,5,1,5,6,79.0,33.8,0
9,2,2,0,4,78.4,36.1,0
1,1,2,1,6,11.3,24.2,0
8,1,4,1,16,91.2,44.4,0
9,6,4,0,3,19.5,32.2,0
9,3,1,7,15,61.3,21.4,0
1,1,5,6,18,98.6,43.4,0
2,1,0,1,9,88.2,34.7,0
12,2,3,6,2,95.7,37.5,0
1,3,0,3,2,34.3,33.1,0
10,1,1,7,16,10.6,40.9,1
2,5,1,5,9,18.8,20.8,0
10,1,0,4,16,50.0,26.7,2
12,3,3,7,16,79.3,31.7,0
8,6,0,6,3,15.0,21.9,1
5,4,4,6,5,66.0,37.6,0
12,3,2,6,11,32.4,29.8,0
11,2,5,2,19,34.1,26.8,0
7,4,4,7,16,66.2,20.1,0
2,5,2,1,16,46.7,38.0,0
8,0,5,1,9,81.2,40.8,0
11,3,5,2,6,15.6,29.9,0
6,6,5,1,15,79.0,34.1,0
8,2,1,2,12,6.4,25.7,0
1,5,5,6,2,19.4,35.6,0
1,4,3,0,1,65.6,20.3,1
12,5,0,7,15,85.5,32.2,0
7,3,3,3,5,25.3,36.1,0
8,1,0,6,5,32.7,43.0,1
3,6,4,3,12,53.7,29.5,0
5,3,4,5,6,21.2,39.1,0
12,0,0,6,4,81.1,34.9,0
1,3,3,4,6,77.4,43.2,0
7,4,0,1,1,14.5,30.0,2
5,4,5,4,16,46.4,28.0,0
8,3,1,0,12,77.5,42.2,0
8,4,4,3,15,33.7,21.2,0
9,1,1,7,19,63.3,23.4,0
7,5,5,6,1,5.0,22.1,0
11,3,5,7,4,60.9,41.1,0
1,6,4,0,17,15.3,20.3,0
3,1,4,0,6,83.1,41.5,0
8,5,5,1,10,35.5,31.3,0
3,6,2,0,10,28.2,20.1,0
8,6,1,6,16,84.1,30.0,0
1,6,1,6,15,5.0,24.7,0
5,5,2,7,12,39.7,35.6,0
4,1,3,7,4,37.0,37.0,0
5,6,1,3,19,28.5,32.2,0
8,6,0,6,15,91.2,21.0,0
10,2,5,4,15,75.1,36.4,0
4,3,5,3,15,6.4,41.1,0
11,5,2,1,13,71.5,38.0,0
4,5,1,3,5,52.7,40.7,1
3,4,3,2,1,90.1,25.0,0
7,5,1,7,13,31.3,42.2,0
3,1,5,4,15,57.4,28.1,0
12,5,4,7,19,50.1,20.3,0
3,2,0,2,12,49.0,41.1,0
11,3,2,2,14,45.6,43.5,0
10,3,4,5,11,20.6,36.4,0
5,5,3,6,8,75.6,25.8,0
5,6,4,1,17,45.1,26.3,0
6,0,4,0,13,95.9,31.7,0
8,0,3,2,19,26.1,42.4,0
10,6,4,3,3,68.3,23.7,0
6,6,2,0,7,94.1,40.6,0
12,6,5,3,7,66.3,27.3,0
1,1,1,7,15,87.1,40.2,0
8,0,4,3,9,82.7,43.0,0
8,6,2,0,16,36.0,30.7,0
9,1,1,0,0,60.0,29.1,0
9,4,1,6,17,15.6,40.1,0
2,1,4,3,9,53.6,33.2,0
2,0,2,1,3,23.0,37.1,0
3,5,5,6,0,74.4,35.6,0
1,4,4,4,3,52.8,23.8,0
4,0,3,5,3,41.1,41.1,0
4,1,1,4,3,26.9,24.9,2
9,2,4,1,16,99.9,43.3,0
9,3,1,6,8,7.2,26.3,0
9,0,2,5,18,4.4,38.3,1
10,6,0,6,12,21.7,27.1,1
7,1,4,0,3,97.1,27.9,0
2,6,5,5,4,97.9,27.8,0
10,6,4,7,12,65.5,38.7,0
5,6,1,3,15,88.0,33.9,0
4,6,2,4,4,21.4,42.1,0
12,6,3,5,7,97.2,27.7,0
11,4,5,3,15,14.3,37.3,0
8,0,2,6,0,10.1,38.8,0
2,0,4,1,5,11.2,23.8,0
6,3,3,5,10,57.3,30.0,0
5,1,2,3,15,78.1,32.1,0
12,2,0,6,4,36.7,28.9,0
2,4,5,6,15,97.8,28.1,0
11,1,1,6,6,43.4,37.2,2
10,4,2,1,18,15.0,25.4,1
1,0,2,0,0,46.6,37.7,0
8,6,0,1,8,67.9,43.4,1
2,3,4,1,17,83.2,34.1,0
7,3,5,7,12,45.9,35.3,0
9,5,5,4,14,59.4,21.7,0
9,2,1,6,2,26.7,41.6,0
8,3,2,3,9,64.6,27.1,0
11,6,3,5,8,98.6,35.4,0
12,0,2,4,12,4.9,44.5,0
10,2,1,6,15,88.7,34.9,1
9,1,2,2,2,56.2,38.1,1
2,6,0,1,14,25.2,31.1,0
6,6,2,2,16,95.5,21.5,0
4,3,2,6,13,48.3,39.9,0
4,2,3,4,6,33.2,20.9,0
5,0,0,3,19,18.1,37.5,0
12,5,0,4,15,24.4,20.6,0
3,4,2,7,7,83.3,41.6,0
1,4,5,3,3,61.4,23.9,0
8,0,3,3,19,91.3,32.9,0
5,0,2,6,14,23.2,34.9,0
3,4,2,0,4,12.1,31.4,0
10,5,1,6,12,0.6,28.5,1
7,2,1,1,5,50.8,31.7,0
7,4,5,4,4,99.8,27.8,0
1,0,3,3,16,69.5,31.0,1
12,3,4,6,6,30.8,29.0,0
9,1,1,6,5,87.7,34.2,0
2,5,4,4,1,78.2,25.9,0
5,6,0,4,10,1.5,44.7,0
5,5,1,7,6,81.7,32.5,0
8,3,1,3,7,30.1,24.9,0
8,3,3,5,4,15.0,31.9,0
7,6,5,7,17,22.6,41.7,0
7,0,4,2,15,46.9,20.5,0
12,4,1,1,13,42.5,37.0,0
11,2,1,1,11,28.9,33.7,2
6,5,3,5,16,17.2,24.2,0
6,6,3,0,4,76.2,40.4,0
11,5,5,7,13,99.0,29.2,0
9,3,4,5,5,77.8,27.3,0
6,4,0,0,14,29.6,40.7,1
12,5,5,0,6,24.5,36.0,0
2,2,0,5,13,21.8,42.5,0
2,3,2,1,17,13.7,35.7,0
5,2,1,2,0,55.1,38.5,0
4,4,4,1,5,60.5,40.9,0
11,5,5,6,2,70.6,21.4,0
2,1,1,1,4,68.0,39.4,0
3,5,4,1,11,29.2,35.3,0
7,4,4,7,10,33.0,21.7,0
8,5,4,5,12,68.2,32.7,0
12,6,1,5,15,34.9,22.1,0
6,5,5,6,17,21.3,38.4,0
11,0,3,6,16,37.4,33.7,1
5,5,1,7,16,27.2,43.8,0
1,5,4,5,10,8.8,24.6,0
8,2,5,1,19,83.0,35.2,0
3,1,2,2,9,85.3,25.3,0
6,2,0,0,15,22.0,35.4,2
3,2,4,4,1,6.5,38.1,0
7,3,2,0,16,73.9,38.1,0
7,0,3,6,19,21.2,40.4,0
12,2,4,6,9,39.3,41.3,0
9,6,2,0,12,6.4,21.9,1
5,4,4,4,11,22.6,28.6,0
8,6,1,1,14,79.3,37.2,0
10,4,5,2,6,80.4,32.5,0
10,5,2,2,12,20.7,24.8,1
8,3,5,0,11,33.6,33.8,0
1,0,1,4,11,13.4,30.2,0
12,6,1,7,1,7.4,29.8,0
5,0,5,6,4,99.2,40.2,0
3,6,2,3,1,65.6,30.2,0
1,5,5,1,19,54.2,20.7,0
4,4,5,7,12,76.5,21.5,0
8,1,0,0,2,84.0,41.4,0
3,3,2,2,10,80.7,44.0,0
10,6,0,6,15,1.7,37.2,1
2,6,4,7,0,18.7,29.1,0
11,5,5,7,18,65.5,43.5,0
9,3,4,5,10,37.6,36.6,0
10,4,2,5,8,98.2,41.1,0
5,4,5,4,13,66.5,39.1,0
7,6,4,4,8,95.7,29.5,0
11,1,3,0,6,20.1,32.0,1
11,1,1,7,15,86.4,24.7,1
2,0,5,3,2,32.1,27.3,0
9,3,1,2,18,99.0,39.5,0
9,3,0,0,3,15.8,42.3,0
4,4,4,3,6,51.6,38.1,0
4,0,0,6,11,79.3,31.6,0
6,5,5,4,17,43.3,22.2,0
10,3,1,5,4,46.8,21.4,2
10,0,1,1,9,98.6,29.4,1
10,0,4,7,11,42.5,31.6,0
6,6,5,6,7,60.4,35.2,0
12,4,3,5,18,5.5,20.2,1
1,0,3,2,14,84.2,44.7,0
9,1,4,2,0,64.8,29.1,0
2,1,5,5,2,40.4,41.2,0
5,2,4,6,17,1.6,33.4,0
9,4,5,5,17,59.2,23.3,0
4,6,0,3,1,1.3,39.9,0
11,5,4,0,4,0.1,37.7,0
3,2,5,4,0,61.6,33.2,0
7,1,3,3,9,18.9,32.9,0
6,6,5,1,19,19.2,22.2,0
8,2,5,5,9,65.3,36.4,0
3,4,4,1,4,5.4,42.8,0
5,6,0,1,17,31.3,22.3,0
10,4,0,3,14,14.9,26.6,2
4,0,0,4,19,58.0,42.6,0
4,3,0,6,7,66.2,27.1,0
4,0,2,2,16,72.1,36.3,0
10,4,4,0,11,25.5,33.4,0
8,6,1,7,11,8.9,34.9,0
6,1,4,2,0,7.9,30.4,0
3,5,2,4,3,42.6,27.5,0
10,1,0,7,7,94.6,21.2,1
5,6,2,2,0,21.8,38.6,0
6,0,3,5,14,25.7,38.7,0
5,5,3,5,17,10.1,36.8,0
6,6,4,3,0,60.6,36.1,0
8,4,4,1,10,68.0,26.1,0
7,1,1,7,1,64.3,20.6,0
5,4,1,4,0,86.1,40.2,0
10,5,3,4,11,48.6,32.3,0
6,5,0,2,15,13.4,27.7,1
4,1,2,3,9,28.9,22.5,0
12,4,1,2,17,66.2,21.6,0
9,2,5,2,14,61.3,28.7,0
4,4,1,4,16,53.1,40.1,1
1,5,0,2,9,68.3,43.0,0
7,4,0,1,2,63.7,42.4,1
7,6,4,2,15,88.1,43.0,0
4,0,2,7,5,58.6,42.7,0
3,2,0,1,2,77.9,33.2,0
8,3,1,4,8,24.9,25.5,0
5,6,1,3,10,67.8,40.0,0
10,0,3,5,12,90.2,25.3,0
7,3,0,7,17,38.6,26.7,2
4,1,5,1,3,77.9,25.8,0
4,3,4,3,7,72.5,32.9,0
8,6,2,3,12,6.0,28.0,0
8,4,5,1,9,58.2,23.9,0
2,6,4,4,1,13.0,31.3,0
2,3,1,0,7,96.7,41.8,0
3,5,5,3,5,81.1,34.3,0
12,0,4,3,15,11.0,42.0,0
12,0,1,4,17,12.2,24.9,0
3,3,1,4,16,59.4,24.2,2
1,0,1,2,5,34.5,34.4,0
3,5,1,4,12,3.5,31.6,1
6,6,1,3,13,54.2,36.5,0
8,0,3,1,9,38.8,39.9,0
12,3,5,0,10,10.1,38.8,0
10,2,4,6,12,80.2,43.6,0
6,2,3,2,11,91.5,30.0,0
5,1,3,6,8,75.7,25.2,0
4,0,0,1,3,82.2,33.8,0
3,6,0,0,6,21.6,22.8,0
4,3,0,0,1,26.4,27.2,0
7,0,2,0,6,20.9,25.2,1
1,4,0,5,8,76.5,29.9,0
7,5,4,1,4,94.8,22.8,0
1,0,3,7,14,71.7,20.8,0
2,0,4,2,17,88.1,36.4,0
4,2,5,2,3,63.9,35.3,0
1,5,0,0,18,38.8,37.7,0
11,3,2,1,19,42.6,36.5,0
12,0,5,5,6,7.5,22.9,0
11,2,2,0,7,3.1,27.3,0
11,1,5,4,16,69.5,23.2,0
9,5,3,7,12,43.8,41.1,0
12,2,4,6,10,55.2,38.7,0
6,2,1,2,0,55.8,25.0,0
1,6,4,6,1,27.7,28.5,0
1,2,0,3,16,47.6,44.2,0
6,6,1,0,4,47.1,34.9,0
4,0,2,4,5,38.8,40.0,0
4,0,3,2,6,82.1,26.6,0
11,1,3,6,14,45.1,25.3,1
6,4,2,7,18,60.4,39.6,1
12,4,0,5,15,89.6,37.1,0
11,4,2,1,12,86.6,37.0,0
7,6,5,2,4,89.0,33.8,0
9,5,0,7,2,27.0,34.1,0
10,5,1,6,2,3.5,38.4,1
5,1,2,1,18,26.1,26.8,0
9,5,0,6,13,27.9,28.8,0
4,4,1,1,15,90.9,41.8,0
10,4,2,5,16,64.9,27.7,1
2,2,3,5,3,8.2,33.7,1
3,5,2,0,12,13.5,37.6,0
11,0,4,0,7,15.6,45.0,0
1,0,2,2,18,63.0,30.9,0
6,2,4,5,4,73.5,30.7,0
6,2,1,4,1,86.0,41.1,0
1,2,2,6,14,94.1,40.1,0
11,0,1,6,1,20.2,38.3,2
3,4,1,6,10,31.0,31.6,2
5,2,0,2,12,24.0,28.1,0
3,1,1,6,9,35.9,35.2,2
10,6,1,3,2,91.5,41.9,0
3,2,2,1,4,57.5,42.1,0
10,6,2,6,2,73.8,22.7,0
3,3,3,7,5,49.0,30.7,0
5,2,0,1,12,2.9,31.6,0
5,0,1,0,9,6.4,44.4,0
4,5,0,6,18,53.8,36.9,0
1,2,4,7,7,71.9,30.2,0
5,5,1,4,17,21.5,20.7,0
10,3,0,7,2,72.2,34.1,1
5,1,3,5,16,81.1,22.4,0
4,5,3,5,7,41.2,40.9,0
6,6,1,0,9,74.6,38.8,0
10,4,4,3,1,40.4,31.5,0
4,2,3,2,11,67.8,30.7,0
7,3,3,2,5,76.4,42.4,0
7,3,4,4,1,99.2,27.2,0
2,5,0,0,2,34.5,26.2,0
3,1,3,0,16,41.1,43.5,0
1,0,2,3,6,16.6,40.2,0
8,2,5,6,4,20.4,40.5,0
9,3,5,2,0,69.3,24.9,0
4,1,3,6,7,91.7,23.6,0
6,4,0,0,11,39.5,20.7,2
9,3,0,6,13,18.0,25.9,0
6,1,1,5,15,28.5,39.4,0
